id,title,subtitle,intro,poster,pubdate,url,rating,star,comment,tags,star_time
3469023109,自在独行,贾平凹 / 2016 / 长江文艺出版社,"平凹先生素来喜静，最怕有人来敲他的房门。让他觉得自在的，要么就是行走于西北的大地，要么就是隐居在自己的书房。
先生其实也喜欢热闹，只是先生的热闹并不是灯火灿烂，而是内心的安宁与独行的自在。
这本书写情感、聊爱好、谈社会、说人生。有俗世的智慧，也有生活的趣味。
对于匆匆的路人，平凹先生这部文集只是用来附庸风雅的玩物。但这本书却要写给生命的行者。愿他们能懂得孤独的真义，在生活里多一些从容潇洒。",https://img9.doubanio.com/view/subject/l/public/s28753126.jpg,2016-7-1,https://book.douban.com/subject/26802388/,7.2,3,前面读起来特别有感觉，越读到后面，感觉收录的内容越杂，甚至发现了中学课文……😂,,2022-09-25 21:44:14
3213312224,置身事内,兰小欢 / 2021 / 上海人民出版社,"“在成功的经济体中，经济政策一定是务实的，不是意识形态化的。是具体的，不是抽象的。”
直面真问题、深究真逻辑的复旦大学经济学“毕业课”
☆ 连接抽象经济学理论与中国发展实际
在市场机制不完善的情况下，如何实现可行的动员与资源调配，推动经济增长？
在确保增长的过程中，如 何获得更多资源和时间去建设和完善市场经济？
☆ 结合学界前沿研究与一线调研经历
扼要论述+延伸阅读指引，满足弹性认知需求
生动解说光伏、面板等行业案例，清晰复盘宽窄巷子、华夏幸福等建设经验
☆ 微观机制+宏观现象 双重维度串联中国经济生活中中知识与现象的碎片
理解地方政府经济治理的决策与行动逻辑
解读城市化、房价、贫富差距、债务、国内外贸易生态等现象背后各种要素的联动
☆ 从热闹的政经新闻中看出门道，从枯燥的政府文件中觉察到机会。
“了解政府认为应该怎么办，比了解‘我’认为应该怎么办，重要得多。”
------------------------------------------------------------------------------------------------------
本书是是兰小欢多年教学、调研与研究内容的凝练，将经济学原理与中国经济发展的实践有机融合，以地方政府投融资为主线，深入浅出地论述了中国经济的发展，笔触简练客观，并广泛采纳了各领域学者的最新研究成果。全书分上下两篇。上篇解释微观机制，包括地方政府的基本事务、收支、土地融资和开发、投资和债务等；下篇解释这些微观行为与宏观现象的联系，包括城市化和工业化、房价、地区差异、债务风险、国内经济结构失衡、国际贸易冲突等。最后一章提炼和总结全书内容。

通过对中国政治经济体系的论述，作者简明地刻画了地方政府进行经济治理的基本方式，并指出，中国政府通过深度介入工业化和城市化的进程，在发展经济的同时逐步推动了市场机制的建立和完善，以一种有别于所谓发达国家经验的方式实现了经济奇迹。基于对改革历程与社会矛盾的回顾与分析，作者也在书中对当前推进的市场化改革与政府转型进行了解读，帮助读者增进对中国发展现实的把握。",https://img9.doubanio.com/view/subject/l/public/s33956867.jpg,2021-8,https://book.douban.com/subject/35546622/,9.1,4,,,2022-08-21 09:39:31
3439150078,一个人的朝圣2,蕾秋·乔伊斯 / 2020 / 北京联合出版公司,"在《一个人的朝圣》里，65岁的哈罗德，87天行走627英里，只为了一个信念：只要他在走，奎妮就会活下来。
这是故事的另一面，这是奎妮，这里有一个埋藏了20年的秘密，有生命中无数的微小瞬间，有温暖的大手，坐在车里的对话，海上的花园。如何处理痛苦，如何爱，如何休息和放松，如何相处，“因为同一样东西发笑也可以是另一种在一起的方式”。当哈罗德开始旅程的同时，奎妮的旅程也开始了。他们因此各自变得完整。
★触动万千读者的欧洲首席畅销书、布克文学奖入围作品《一个人的朝圣》相伴之作。全系列简体中文销量超过300万册！
我写的不是《一个人的朝圣》的续集，也不是一部前传。我写的这一本书，它和哈罗德•弗莱比肩而坐。我会把这本书称为，一个伴儿。
——本书作者 蕾秋•乔伊斯
★被译为42种语言，发行超90个版本，全球销量超过800万册！
当哈罗德开始旅程的同时，奎妮的旅程也开始了
哈罗德被千万的人爱着，奎妮也一样
★2020勇气新版，特别收录蕾秋•乔伊斯写给中国读者的一封信和
35幅原汁原味英版木刻插图、青年作家、畅销书作者袁田担纲翻译，译文质量上乘，有美感。插画师贺婉娟特别绘制封面，隽永优雅。
★献给每一次对生命微小瞬间的朴素歌唱 对自我的照见 对爱的唤回，这一年，我们都需要她安静而笃定的陪伴。",https://img9.doubanio.com/view/subject/l/public/s33736342.jpg,2020-10,https://book.douban.com/subject/26584387/,7.1,4,,,2022-07-30 00:47:31
3322570430,人生海海,麦家 / 2019 / 北京十月文艺出版社,"★豆瓣2019年度书单·中国文学（小说类） 第一名
·
“他是全村最出奇古怪的人，古怪的名目要扳着指头一个一个数：
第一，他当过国民党军队的上校，是革命群众要斗争的对象。但大家一边斗争他，一边又巴结讨好他，家里出什么事都去找他拿主意。
第二，都说他是太监，可我们小孩子经常偷看他那个地方，好像还是满当当的，有模有样的。
第三， 他向来不出工，不干农活，天天空在家里看报纸，嗑瓜子，可日子过得比谁家都舒坦。还像养孩子一样养着一对猫，宝贝得不得了，简直神经病！”
·
《人生海海》讲述了一个人在时代中穿行缠斗的一生，离奇的故事里藏着让人叹息的人生况味,既有日常滋生的残酷，也有时间带来的仁慈。
=========
人生如海，总有阴冷暴虐的水域，也有轻柔温暖的洋流。
·
“生活摧残了他，但也让他穿越了生死恐惧和世态炎凉， 变得大彻大悟， 笑傲江湖。 ”
他知道怎样在风光处耀目，也知道怎么在卑贱中自处。
·
★麦家强力超越之作·在一个最不可描述之处解密人性的荒唐与高尚
★小说的迷人之 处就在于它能把不存在的人物写得仿佛是我们的朋友，麦家的《人生海海》就是这么迷人。——莫言
★麦家的身上永远有一种旁观者的气质，一旦他开了口，他的语言是那么的精准。他的细节是那么的触动，他的思想是那么的深刻。如果用一句诗来形容我读完《人生海海》的感受，那就是“回首向来萧瑟处，也无风雨也无晴”。——董卿
★我想写的是在绝望中诞生的幸运，在艰苦中卓绝的道德。我要另立山头，回到童年，回去故乡，去破译人心和人性的密码。——麦家
★《人生海海》是麦家老师跨越了自己的第一座高峰，向内心深处的文学攀登下一座高峰的大作。——高晓松
=========
★“人生海海，敢死不叫勇气，活着才需要勇气。你要替我记住这句话，我要不遇到它，死几回都不够。”
★人生海海，潮落之后是潮起。
你说那是消磨、笑柄、罪过，但那就是我的英雄主义。",https://img9.doubanio.com/view/subject/l/public/s32266692.jpg,2019-4,https://book.douban.com/subject/30475767/,8,4,,,2022-04-20 08:44:13
3302829542,一个人的世界在书架上,(英) 亚历克斯·约翰逊 / 2022 / 低音 · 北京联合出版公司,"记录四百年间文学名家对阅读和书籍的看法。
关于如何选书、读书、藏书，甚至弃书，将宝贵空间和宝贵时间留给有价值的书。
……………………
◎ 编辑推荐
1.选书、读书、藏书、弃书指南。用宝贵空间收藏必要的书，用宝贵时间读有价值的书。
2.学习如何通过读书塑造人生。了解前辈读书人的读书经历和哲思，打造自己独有的精神世界和成长路径。
……………………
◎ 内容简介
这是一本关于书籍与读书的作品集，涉及如何读书、如何选书、如何藏书、如何弃书等多方面。其中收录了17世纪到20世纪的11篇散文、诗歌、讲座和评论，11位富有影响力的人物，在此分享他们对书籍、对阅读的思考与感悟。
在本书中，读者可以尽情吸收前人的思想精华，如奥威尔谈卖书、伍尔夫谈如何读书、艾柯谈书本的演进，等等，增进对书的认识；也可以学习一下如何处理不小心买到的烂书，或如何让心爱的藏书免受伤害……
一本好书，是珍贵的精神产品，充实头脑，抚慰身心；一座书架，既是一个人的小世界，也建立起小世界和大世界的联结。",https://img9.doubanio.com/view/subject/l/public/s34079776.jpg,2022-1,https://book.douban.com/subject/34933444/,7.2,4,,,2022-04-05 13:33:16
3302877477,真好,老树画画 / 2021 / 上海书画出版社,"★疫情中的治愈系“心灵野鸡汤”
★老树册页作品的第一次整理和集结式出版
★理想与现实的一次探讨
★老树首谈老树画画的创作与成形
★老树回忆高考。“我，去了南开大学。”
★新画风。老树的文人情怀
《活着》《真好》是老树画画时隔4年的全新力作，这两本书突破了老树之前出版的作品集的风格。与以往老树作品集中闲云野鹤的风格不同，本次作品集的内容从现实与理想出发，选择了“活着”与“真好”两个主题，以18套册页，230余件作品，17篇老树自述展现了一个我们从未了解过的老树。
老树以积极乐观的态度，清新的用色，犀利、风趣的语言，在嬉笑怒骂间，化解当代人生活中的许多尴尬和无奈，并直击生活的真谛——活着真好。",https://img9.doubanio.com/view/subject/l/public/s33918699.jpg,2021-5,https://book.douban.com/subject/35491476/,8.9,,,,2022-04-05 12:07:54
3302386965,素履之往,木心 / 2007 / 广西师范大学出版社,"总觉得诗意和哲理之类，是零碎的、断续的、明灭的。多有两万七千行的诗剧，峰峦重叠的逻辑著作，哥德、黑格尔写完了也不言累，予一念及此已累得茫无头绪。 蒙田勿事体系，尼采戟指架构体系是不诚实——此二说令人莞尔。虽然，诚实亦大难，盖玩世各有玩法，唯恭，恭甚，庶几为玩家。吾从恭，澹荡追琢以至今日，否则又何必要文学。
本书共三辑，主要内容：庖鱼及宾、朱绂方来、白马翰如、巫纷若吉、亨于西山、翩翩不富、十朋之龟、贲于丘园、丽泽兑乐、与尔靡之等。",https://img9.doubanio.com/view/subject/l/public/s1963176.jpg,2007-1,https://book.douban.com/subject/1949679/,8.7,4,,,2022-04-05 00:11:38
3285556267,一个叫欧维的男人决定去死,[瑞典] 弗雷德里克·巴克曼 / 2017 / 四川文艺出版社,"来认识一下欧维，这个59岁的老头，脾气古怪，带着坚不可 摧的 原则、每天恪守的常规以及随时发飙的脾性在社区晃来晃去，被背地里称为“地狱来的恶邻”。他每天一大早就四处巡视，搬动没停进格线的脚踏车，检查垃圾是否按规定分类，抱怨谁家的草坪还不修剪，诅咒那只掉了毛的流浪猫。没完没了 。
他想自杀。
直到一个十一月的早晨，当一对话痨夫妇和他们的两个话痨女儿搬到隔壁，不小心撞坏了他的邮筒……
“读这个故事，”《人物周刊》说，“你会笑，你会哭，会因此想搬到北欧去，因为那里的一切都更可爱一些。”这个发生在瑞典的故事，如生命庆典般绚丽斑斓，它让我们思考，自己是谁，以及我们要如何过这一生。
有的人称它是《一个人的朝圣》瑞典版，读者评价它“令人愉悦又心碎”“搞笑之余让你感动且哭得稀里哗啦”“读到一本好小说的感觉真好”！
这里有一个愤怒的恪守常规的普通邻家老头，一对话痨夫妇和话痨女儿、这里有一只掉了毛的乱蓬蓬的倒霉猫，这是一场人与人之间的迷人相遇。
（电影链接：https://movie.douban.com/subject/26628357/）",https://img9.doubanio.com/view/subject/l/public/s29475416.jpg,2017-7,https://book.douban.com/subject/27054340/,9.2,4,,,2022-03-30 09:13:17
3246817798,噪声,[以色列] 丹尼尔·卡尼曼 [法] 奥利维耶·西博尼 [美] 卡斯·R.桑斯坦 / 2021 / 浙江教育出版社,"诺贝尔经济学奖得主、行为经济学之父
丹尼尔·卡尼曼继《思考，快与慢》后
酝酿10年思考的全新力作
◎ 内容简介
想象一下，两名医生对相同的病人给出了不同的诊断；两名法官对犯了同罪的嫌疑人给出了不同的判决。再想象一下，同样的医生、法官或决策者做出了不同的决策，而这种决策仅仅取决于决策是在什么时间做出的。这些不同决策背后的罪魁祸首，就是“噪声”。
《噪声》是诺贝尔经济学奖得主、“行为经济学之父”丹尼尔·卡尼曼携手决策领域专家奥利维耶·西博尼和卡斯·桑斯坦共同推出的重磅新作，也是卡尼曼继畅销书《思考，快与慢》之后酝酿10年思考的全球瞩目里程碑式巨作，行为科学领域又一重大发现。几十年来，大家都认为，偏差是导致人类判断出错的关键。但是今天，卡尼曼系统性地指出：噪声，才是影响人类判断的黑洞。
《噪声》一书通过系统性研究，通过两个公式揭开了“判断出错”的本质，并且通过对三种噪声的系统性分析带你直击噪声。并且，从六大部分阐述了“噪声”：从寻获噪声到探究人类判断的本质，从预测噪声到阐释噪声的主要原因，从探讨如何改进判断和防止错误的的实际问题，一直延伸到什么才是合适的噪声水平。”“噪声”是随机的，但却是致命的。卡尼曼在书中提出了6大原则，帮你重塑决策框架，做聪明的决策者。同时，卡尼曼更是精妙地附上了“审查噪声”的使用指南，以及写给决策者的“观察者清单”。
如果说《思考，快与慢》击退的是人类判断过程中面对的敌人“偏差”，那么《噪声》要绝杀的就是其中的另一大隐形敌人——噪声。阅读本书可以助你重塑自己的决策框架，远离噪声，做聪明的决策者。
◎ 编辑推荐
☆ 诺贝尔经济学奖得主、行为经济学之父丹尼尔·卡尼曼，继《思考，快与慢》后酝酿10年思考的全球瞩目里程碑式巨作，行为科学领域又一重大发现。
☆ 哪里有判断，哪里就有噪声。《噪声》是关于人类判断的又一颠覆性著作，两个公式揭开了“判断出错”的本质，并且通过对三种噪声的系统性分析带你直击噪声。
☆ 远离噪声，提升决策，将影响你未来10年的思考与决策。
☆ 《噪声》一经出版便风靡全球31个国家与地区，吸引了无数商业人士的目光，被投资人、心理学家、众多媒体人争相盛赞。他们真诚地希望：让更多人了解噪声，受益于噪声。
◎ 各方赞誉
从“偏差”到“噪声”，作为心理学家的卡尼曼挑战的是经济学 的“理性人”假设，并因开启了行为经济学的大门而获得诺贝尔经济学奖。他一直关注分析人类在决策分析中是如何犯错的，在这本书中，他深入分析了噪声的影响，但也乐观地预期，可以通过发掘埋没 在大数据中的信息来减少决策中的噪声，这可以说是大数据渗透到行为经济学领域的新趋势。——巴曙松，北京大学汇丰金融研究院执行院长、中国银行业协会首席经济学家
继《思考，快与慢》之后，湛庐又推出了卡尼曼(与西博尼和桑 斯坦合著)的新作《噪声》。本书开篇就对噪声(noise)与偏差(bias) 做了区分。简单来说，噪声是无规律的错误，偏见是系统性的错误。 这个区别你一旦听到，立刻就能知道它十分重要。《噪声》通过司法 判决、医学诊断等多个领域的实际案例，探讨了噪声的成因以及减少噪声的策略。值得一提的是，三位作者还讨论了克服噪声的努力也会带来负面后果。又一本读着不累却时时受益的好书。——陈嘉映，首都师范大学哲学系教授
阅读卡尼曼等人的新作让我兴致盎然、心潮澎湃。可以肯定地说，通过理解并实践卡尼曼等人的思想与建议，我们能知道如何减少可能会困扰组织和个人的系统噪声，知道“决策信息的简约化”居然 也如此意义重大! 并且，更为重要的是，我们能够学习在噪声中运用科学知识，深刻的洞见和坚实的原则，做出更为人道、更为公平的决策，减少时间、资金和人才的浪费，拯救生命，传递友善，分享意义。而这些，都是一个真实而积极的生命所追求的境界。——彭凯平，清华大学社会科学学院院长
人类判断的错误源于偏差和噪声。当人们表现出不同的偏差时，噪声就产生了。卡尼曼因在心理偏差研究方面做出的突破性贡献而获 得诺贝尔奖，如今又开始对噪声进行探索。本书对于噪声的分析充满不凡的洞见，并更新了我们对已有众多决策研究发现的认知。《噪声》 一书中关于减少噪声的方法，既能让人变得聪慧，又有助于那些自命 不凡的“专家”纠正无知。——张志学，北京大学光华管理学院教授
在判断与决策问题上，管理者和专业人士往往都非常自信。卡尼曼与合作者的这部新书《噪声》再次告诉我们:人类远远不如我们想象的那么理性，人类的判断也远远不如我们想象的那样准确。对于决策者来说，“认识你自己”是一个永恒的主题;警惕认知中的缺陷，比什么都重要。如果 2021 年只能推荐一本书，那我推荐《噪声》。——宫玉振，北京大学国家发展研究院管理学教授、BiMBA 商学院副院长兼 EMBA 学术主任
《噪声》提供了一个正确的认知体系，对于日益富足但仍然对未来颇有期待的大众和企业家而言，在后金融危机时代以及后疫情时代的大变局下，在全球政治经济形势高速变化的新环境面前，在决策过程所面临的噪声越来越多的现实之中，一个新的认知体系显得尤为重要和迫切。——朱 宁，上海交通大学上海高级金融学院金融学教授、副院长
现代经济理论的一个重要假设是人是理性的，可以完全有效地判断信息。但丹尼尔 · 卡尼曼和他的合作者指出这个假设在很多情况下和事实并不相符，因此众多的理论结果都需要重新审视。这是对社会科学的重大贡献。人的判断误差包括两个部分:偏差和噪声。卡尼曼对偏差的分析已经广为人知，本书对噪声的分析完成了对误差的系统阐述。任何希望获得更高程度理性的个人或机构，都应该仔细阅读卡尼曼的这本新书。 ——刘劲，长江商学院副院长
人生经历就是所有抉择的总和，我们无时无刻不在抉择，工作与生活在一次次的抉择中潜移默化地发展变化。没有人可以永远做出正确的抉择，总有噪声在影响判断力。噪声是不可消除的，但我们应该尽量将噪声的影响降低。《噪声》一书所提供的就是一套对于人生抉择大有裨益的减少噪声的方法论。 我要将《噪声》推荐给热爱生活的朋友。——毛大庆，博士、优客工场创始人
决策无处不在，而“噪声”与“信号”在其中穿插交错，互为影响。《噪声》一书道出长久以来为人们所忽视的主观判断缺陷——AI 虽然成了今天效率解决方案的新共识，但 AI 之后的“人”却依旧是无法回避的场景。我们需要充分将个体复杂性融入组织决策考量之中，去探索商业与人的更合理关系。我们都期待一个噪声更少的清朗世界。——吴声，场景实验室创始人
自然界存在尚未被感知的法则，无形中影响着人们的决策。《噪声》这本书将“人类大脑”与“测量工具”同类对比，指出噪声的存在。这一重大发现将为企业的正确决策提供新的方法论，也为企业家带来更深层的思考。对于长期与噪声共舞的企业而言，我们对本书中三位作者提出的新概念感到惊喜，并在阅读中被“噪声的形成”和“决策卫生”这一系列科学性的理论所折服。反观漫步者走过的 25 载，我们自上而下秉持着“敬畏、尊重、谦卑和良善”的管理理念，居然无形中用到了《噪声》提及的方法论，因而在很大限度上降低了噪声带来的内耗，赋能企业的持续发展。相信这本由 诺贝尔经济学奖得主创作的、直指“人类判断缺陷”的科学论著是普适的，必然也能启迪你的智慧，为“人与世界的交互”注入新的创造力。——张文东 ，漫步者董事长、总裁
知识精英往往在智力选拔中建立起优越感，斡旋于名利场中获得成就感，但他们是否因此而逼近理性呢?我们先贤提出的“君子时中”，可能是对信息决策中的偏差和噪声的一种敬畏吧。——归江，信璞投资合伙人
很多大型企业和大型机构都强调，各个员工、各个基层单位的判断和决策，要跟核心管理层制定的原则和准则保持高度一致，以为这样就可以做出好的判断和决策，但往往事与愿违。执行具体操作的人，做出的判断和决策品质不佳、误差多多，过程也杂乱无章。这就如同一支演奏水平低劣的交响乐团，面对乐团指挥，各个乐手演奏出 来的声音杂乱无章，很不一致，很不和谐。对这种很不一致的杂乱误 差，应如何定义，如何测量，如何系统性地减少?卡尼曼的新书《噪声》清晰系统地论述了这些问题。深入领会，学习应用，则基层与高层能更为一致。这样做会大大提高企业乃至整个社会的公平性和效率。对于企业管理层和政府管理层，此书必读，此书必用。——刘建位，央视十集《学习巴菲特》节目主讲人、《巴菲特选股 10 招》等书作者
人们担忧“算法统治世界”，其实是担忧暗藏在庞杂算法背后的 “噪声污染”，但这种想法其实是倒因为果。这些噪声恰恰源于人的认知局限和判断缺陷。如何创造一个更少噪声的世界，是卡尼曼这本书关注的焦点。《噪声》是一本值得从头细读到尾的著作，对那些想提升认知水平、决策品质的组织与个体来说，“决策卫生”这个词一 定会击中你的心灵。——段永朝，财讯传媒集团首席战略官、苇草智酷创始合伙人
面对环境、信息等多重不确定条件，如何审慎分析判断并做出恰当决策?卡尼曼教授的新作《噪声》提供了全新的方法论，让我们在警惕主观偏差的同时，学会发现并剔除系统噪声。——何刚，《财经》杂志主编、《哈佛商业评论》中文版主编、《巴伦周刊》中文版联合创始人
人生是由大大小小的判断组成的。判断即人生。判断不仅会受偏差的影响，还会受噪声的影响。如果说偏差造成“决策的不全面性”，噪声则造成“决策的不一致性”。噪声和人的个性、偏好以及外部环境的变化都有关系，它往往随机出现，但影响巨大。《噪声》的启示是，我们会和噪声相伴，但也有方法重塑决策框架，让自己做出更好的决策。——秦朔，中国商业文明研究中心发起人、秦朔朋友圈发起人
《噪声》是一本很特别的书，作者从心理学的角度出发，通过各种生动的案例和实验，把“噪声”这一不同于“偏差”的概念完整清晰地呈现给我们。三位作者抽丝剥茧地分析了当我们在各个领域做出判断时，噪声可能带来的影响，以及如何减少其中的不利影响。希望自己做出正确决策的人都应该读一读这本书。——张延，FT中文网出版人
《噪声》的影响是震撼性的，因为它探究了人类判断的一种根本性且被严重低估的危险。《噪声》是一本必读书，它提供了减少决策错误的可行方法。——罗伯特·西奥迪尼，畅销书《影响力》作者
在《噪声》一书中，三位作者巧妙地将他们对人类判断缺陷的独特新颖见解，运用到人类在各个领域的判断问题。做出判断和决策的人范围甚广，从点球教练到央行行长、军事指挥官，乃至国家元首， 均在此列。《噪声》是心理学领域的一项了不起的成就，也是一座里程碑。——菲利普·E. 泰特洛克，畅销书《超预测》作者
杰作！卡尼曼、西博尼和桑斯坦将《噪声》引入生活，令人信服地解释了为什么我们应该像对待偏差一样对待人类判断中的随机变化，并为减少判断中的噪声(和偏差)提供了实用的解决方案。——安妮·杜克，畅销书《对赌》作者",https://img9.doubanio.com/view/subject/l/public/s33983499.jpg,2021-9-1,https://book.douban.com/subject/35541399/,7.3,4,,,2022-03-22 14:36:23
3246809704,刺客信条：秘密圣战,（英）奥利弗·波登 / 2014 / 新星出版社,"狂销75000000套！
全球销量最高动作冒险类游戏，唯一指定授权官方小说中文版第二册强势登陆！百万玩家必购收藏！
系列图书第一册全国持续热销中！
2015年，同名电影全球开映
能改变人类历史进程的伊甸碎片究竟是何物？
十字军东征为何处于失败的边缘？
狮心王理查德如何逃脱刺客大师的暗杀？
蒙古帝国究竟遭到了刺客组织怎样的狙击？
在十字军东征、蒙古帝国的铁蹄席卷欧亚大陆的年代，跟随刺客组织最伟大的大师——阿泰尔的脚步，与狮心王理查德等历史上赫赫有名的人物共同见证历史最真实的一面。
马可•波罗的父亲，尼科洛•波罗终于道出其保守一生的秘密——阿泰尔的过去，兄弟会最为传奇的一位刺客的人生历程。
阿泰尔接下了一项无比艰巨的任务——这不仅需要他走遍圣地每一个角落，还让他领悟到刺客信条的真正含义。想要重拾山河，阿泰尔必须击败九名圣殿骑士，其中甚至包括圣殿骑士领袖罗伯特•德•赛布尔。我们将在这里首次探视阿泰尔的传奇人生：一趟足以改变历史进程的旅行；一场刺客与圣殿骑士你来我往的较量；一段震撼而悲惨的家庭生活；一次来自旧识的无情背叛。",https://img9.doubanio.com/view/subject/l/public/s27666454.jpg,2014-11-10,https://book.douban.com/subject/25940818/,6.1,4,如果我还能看见明天黎明，如果我还能再爬起来，我仍会走我的路，哪怕这条路已经荒废许久，也许我们无法拥有感情，我们甚至无法像个正常人一样接受太阳的洗礼，但是我依然会执行我的条约，哪怕不会有人记得我，哪怕我们并不会记入编年史，我们的名字也许会成为辱骂的对象，我依然执行我的信条当其他人都盲目追寻真理的时候，记住，万事皆虚，当其他人的思想都被法律与道德所束缚的时候，记住，万事皆允。 我们躬耕于黑暗却服侍于，并非是我选择了这样的一生，而是一生选了我。—— 刺客信条,,2022-02-20 17:04:24
3093297858,生活蒙太奇,天然 / 2020 / 湖南文艺出版社,"《生活蒙太奇》是一部充满奇妙质感的绘本作品，每天都有无数年轻人转发或评论它的精彩画面或动图。#生活蒙太奇#在全球社交媒体上有超过1345万以上的话题阅读（包括但不限于新浪微博、Instagram等），关于静下来，看见平凡生活的美好，治愈自己，以及重新出发。
《生活蒙太奇》的作者天然是一位从三岁开始专心画画的年轻女孩。那些在普通人看来平淡无奇的日子：晒在午后三点的阳光下，雨天一个人读书，抬头遇见初雪……作者把这些单独静止的画面，通过独特想象力和洞察力的艺术加工，画成可以阅读的，充满故事感的连续绘画作品，仿佛一部生活电影的蒙太奇（通过对生活片段的拼接，产生独特意义）。读者静下心来读一读，会从画面故事里得到一种前所未见的生活平静之美和细节之美。",https://img9.doubanio.com/view/subject/l/public/s33662063.jpg,2020-7,https://book.douban.com/subject/35088492/,8.9,4,非常可爱的一本书，如果生活是由零零星星的碎片组成，那么，毫无疑问，这本书就是捕捉到了那些可爱的瞬间。,,2022-02-03 23:43:16
3093298046,理解未来的7个原则,[美]丹尼尔·伯勒斯（Daniel Burrus） 约翰·戴维·曼（John David Mann） / 2016 / 江西人民出版社,"学会如何看到未来，你就更知道现在怎么做！
...................
※编辑推荐※
☆ 纽约时报、华尔街日报、美国亚马逊榜首畅销书。
☆ 作者是美国资深未来学家，30年潜心研究科技趋势及其在商业上的应用，是微软、谷歌和IBM等著名科技公司的幕后咨询师。
☆ 《高效 能人士的7个习惯》作者史蒂芬•柯维，《福布斯》杂志总编辑史提夫•福布斯倾力推荐。
☆ 不仅向读者展示了未来科技的趋势，并且把远见力总结为一种可以开发、深化、细化的技能，任何人都能迅速掌握。
...................
※内容简介※
假如未来是可见的，结果会怎样？投资者会播下财富的种子，等待收获确定性的利润；创业者会调整业务方向，下一个台风口会像航班一样准时到来；理解未来就是理解趋势。须知，趋势有硬趋势和软趋势之分，硬趋势是未来的定数，软趋势是未来的变数。
本书的主旨便是对这两者加以区分。作者所领导的机构是全球久负盛名的预测者，数百次精准预测到大变革，无一失手。本书首次公开作者精准预测的逻辑，以理解未来的7大原则构建“远见力”，甫一出版即登亚马逊畅销书排行榜榜首，受到美国商界精英的热烈追捧。如今，只有少数人具有“远见力”。“远见力”是一种可以开发、细化、强化的技能，跟随本书养成正确的习惯，你也能看到硬趋势。
...................
※名人推荐※
写的极好，全面透彻地帮助读者掌握7个原则，不论是谁都能从中获得独一无二的技能，提升自我的专业素养。
——史蒂芬·柯维（Stephen R. Covey），《高效能人士的七个习惯》作者
一位资深企业家的洞见和战略选择，极具启发和影响。
——史提夫·福布斯，福布斯集团CEO及《福布斯》总编辑
如果你能预测未来会怎么样？如果你能彻底改造解决问题的方式会怎么样？如果你能跳过阻碍直达目标又会如何？读读这本书吧，未来有无限可能。
——肯·布兰佳（Ken Blanchard），《一分钟经理人》和《更高层面的管理》的作者
我爱这本书！它既有趣又有启发性。你应该立刻买下来，读一读，试一试！
——艾伦·M.韦伯（Alan M. Webber），《快公司》（Fast Company）杂志联合创始人
创新和竞争优势的压力日趋紧迫，从投身于创业的领导者到跨国组织的管理者都能从本书提到的7个原则获得深刻的洞察力。它将改变你看待阻碍的方式，开拓你的思维，发现新的机遇。
——特里·琼斯（Terry Jones），Travelocity创始人以及Kayak董事长
这本书太棒了！是穿越喧嚣的利器，远见力告诉你如何在未来的竞争世界中存活并兴盛。
——海军少将戴维·比尔三世（Rear Admiral David Bill Ⅲ），美国海军研究生院基金会执行董事
本书为喧哗的商业世界提供了绿色通道，为未来开启了启示之窗，将会刺激一大波创新和积极变化。
——霍华德·普特南（Howard Putnam），美国西南航空公司前总裁
对于想要在变革的未来世界中获利的人来说，本书提供了一种远见力和有用的战略。这是一本革命性的书。
——马歇尔·戈德史密斯（Marshall Goldsmith），《福布斯》评选的“五位最受尊重的执行教练”之一",https://img9.doubanio.com/view/subject/l/public/s28920206.jpg,2016-7,https://book.douban.com/subject/26816874/,7.8,4,,,2022-01-30 09:04:35
3043651004,一阳来复：在中国古典诗词中品味四季,[日] 井波律子 / 2021 / 新星出版社,"★内容介绍
本书分两部分，第一部分为《四时之景  与诗共度》，作者按照一年四季十二个月份的顺序，联系自己的人生经历，将节气与习俗的知识与对中国古典诗词的赏析娓娓道来；第二部《往昔今朝  记身边事》收录了一些作者关于中国古典诗词、古典人物的随笔。全书通俗易懂、情感温暖动人、知识丰富有趣。
------------------------------------------------
令人心生雀跃的应时食物，令人怀念的记忆，还有那些和阳台上的花木之间的对话，诸如此类平静的日常与中国古典诗词中那些令人印象深刻的场面重叠，构成这部温暖的随笔集。",https://img9.doubanio.com/view/subject/l/public/s33909685.jpg,2021-5,https://book.douban.com/subject/35477196/,8,3,,"诗词,文化,日本",2021-09-20 16:56:34
3043638753,空空如也,[日]松重丰 / 2021 / 北京联合出版公司,"“这是身为演员的我，才能写出的故事。”
《孤独的美食家》主演 日本人气演员
松重丰 首部作品集
幽默笔触 戏作演员真实心象风景
真挚洒脱 剖白演艺生涯趣闻逸事
——————
本书是人气日剧《孤独的美食家》主演、日本演员松重丰的首部作品集。由半自传体、连作短篇小说集《愚者谵言》与随笔集《演者戏言》两部分构成。
《愚者谵言》中“我”前往京都拍戏，陷入瓶颈后竟开始考虑转行。漫步雨中京都，邂逅广隆寺佛像与神秘的老人，开启了“我”的思考，真正的演员为何物？真正感动人心的演技是什么？在宛如时空穿越般、眼花缭乱的场景转换中，呈现了“我”丰富而跌宕的内心风景。
《演者戏言》为作者在杂志连载的人气随笔结集。松重丰以幽默风趣的文笔分享了日常生活、修业时代趣闻以及有关美食的诸多逸事。",https://img9.doubanio.com/view/subject/l/public/s33886158.jpg,2021-6-1,https://book.douban.com/subject/35444393/,7.6,4,,"生活,杂集类,随笔集,随笔,日本,小说",2021-09-20 16:46:07
3018732843,七十二堂写作课,夏丏尊 叶圣陶 / 2017 / 开明出版社,《七十二堂写作课》是夏丏尊和叶圣陶合著的一部讲述文章作法的书籍。书中的文章均选自二人合编的《国文百八课》。该书侧重文章形式，所选取的文章虽也顾到内容的纯正和性质的变化，但文章的处置全从形式上着眼。全书一共七十二讲，几乎涵盖了所有的文章及文学体裁，记叙、说明、议论、应用，诗歌、小说、戏剧、散文，每一类别都有十分精到又浅显易懂的见解与指导，是人们学习写作、提高写作技能的不可不读的好书。,https://img9.doubanio.com/view/subject/l/public/s29526413.jpg,2017-8,https://book.douban.com/subject/27122346/,7.9,4,,"方法论,写作,叶圣陶,快速阅读,工具书,文学,学习",2021-09-17 08:10:11
2968844756,救猫咪：电影编剧指南,[美] 布莱克·斯奈德 / 2021 / 浙江文艺出版社,"◆ 畅销好莱坞15年的编剧经典，常年位居亚马逊剧本写作图书榜榜首
◆ 在圈内与《故事》《电影剧本写作基础》并称“编剧三宝”，并被中国、美国等多国院校影视专业列入推荐书单
◆ 经典写作原理“救猫咪”和“节拍表”均出自本书。自提出以来，已成为无数编剧的创作纲领和必胜要诀，也被无数影评人当成分析电影的高效工具
◆ 从如何写“一句话故事”，到如何将剧本推销出去，职业编剧的那些操心事儿都可以在这本书里找到应对策略
◆ 它也适用于小说家和文案写作者们，所有从事“故事生意”的职业人都可以从中受到启发
《救猫咪：电影编剧指南》是好莱坞编剧、剧本导师布莱克·斯奈德的代表作。这是一本简练、清晰的实战派指导手册，它不讲玄而又玄的原理理论，而是坦诚地传授好莱坞商业电影的经典写作套路和技巧，直截了当，上手即用。从让主人公“救猫咪”，到一句话故事，到结构节奏，再到推销剧本时必须注意的风险和机遇，作者结合自身多年的职业经验，对于商业剧本写作的方方面面都给与了细致清晰的解答。
对于编剧新手来说，这是一本写满通关答案的“作弊纸”；对于职业编剧来说，这是一本常读常新的实用工具书。当然，它也适用于小说家、文案写作者，以及那些希望破解好莱坞套路的影迷们。",https://img9.doubanio.com/view/subject/l/public/s33796280.jpg,2021-1,https://book.douban.com/subject/35316407/,7.9,4,,"译本,编剧,电影,悬疑,文化,推理,小说",2021-08-29 14:26:16
3012132673,易中天中华史,易中天 / 2014 / 浙江文艺出版社,《易中天中华史第一部:中华根(套装共7卷)》是当今中国知名度最高、影响力最大的学者易中天，以颠覆传统史学著作的写作方法，优美诗意的语言、独特创新的全球视角创作而成，《中华根》的内容包含了总序《文明的意志与中华的位置》，第一卷《祖先》，第二卷《国家》，第三卷《奠基者》，第四卷《青春志》，第五卷《从春秋到战国》，第六卷《百家争鸣》。女娲，血脉之根；周公，制度之根；孔孟，礼仪之根；要理解中华民族的“文明基因组”，请读“易中天中华史”第一部《中华根》。,https://img9.doubanio.com/view/subject/l/public/s27215378.jpg,2014-1-1,https://book.douban.com/subject/25819260/,8.2,4,,"易中天,中国历史,历史,人文",2021-08-24 09:45:51
2976712350,恋物物语,[日] 松浦弥太郎 / 2016 / 新星出版社,"日本生活美学家松浦弥太郎，以充满真情的文字与摄影，记录爱不释手的日常物品，细述生活中每一份温暖情意。
每件日常物品如果充满爱意地使用，就会被赋予灵魂，成为生命无可替代的一部分。
对我来说，真心握住一个人的手温暖他，就是爱一个人最极致最无私的表现。对待爱物也是如此，紧紧握住一件日常小物，就像握住一个人的手，不也是一种爱的表现吗？
我记下自己每天把玩、温暖的随身物品和它们与我息息相关的情谊，希望大家体会到，我虽说不出口单想要努力传达的“爱”。",https://img9.doubanio.com/view/subject/l/public/s28561929.jpg,2016-4,https://book.douban.com/subject/26720709/,6.8,4,人生真好，活着真好，有那么多东西可以贪恋，可完全达不到要写成一本书的地步啊，大概这就是所谓的无用之美，记录在茑屋书店的某个下午……,"随笔,松浦弥太郎,日本,生活美学,日本文学,温暖,文化",2021-08-01 12:25:46
2861255580,第一本经济学,[美] 罗伯特·墨菲 / 2018 / 海南出版社,"本书综合了奥地利学派与古典经济学精华的基础经济学读本，它在整体框架上沿袭了奥地利经济学派宗师米塞斯的经济学巨著《人的行动》和著名传承大师罗斯巴德的《人，经济与国家》。
全书共包括四大部分，一部分是全书的基础，主要分析人的行动的基本逻辑和本质特征，这是理解真实人的经济学的基础；后面3个部分分别阐述在3种不同的制度条件下，人的经济行为的表现后果——这充分体现了作者逻辑的严谨，与此同时，作者还通过插图、幽默的措辞以及讲故事的平实手法，将储蓄、公共建设工程、税收、信贷、就业与失业、关税、低工资、进出口、价格体系、房租管制、工会、低工资、利润、福利制度、禁毒、通货膨胀等热点话题有机融合至其论述框架之内。
总之，作者以浅显的文字取代高深的经济学术语与复杂的公式，让小至10岁左右的儿童可以入门学习，让未受过经济学训练的普通读者理解与他们息息相关的生活世界，让受过多年经济训练的专家学者都不觉对自以为熟悉的领域耳目一新！",https://img9.doubanio.com/view/subject/l/public/s33937340.jpg,2018-4,https://book.douban.com/subject/30176774/,8.5,4,,"经济学,奥地利学派,经济学入门,经济,社会科学,经济金融",2021-07-26 18:36:15
2967332532,李莎的生活随想,李莎 / 2020 / 布克文化,"好的感情像是鴉片，讓人上癮卻半點也不想嘗試。
在人生之中，
唯一能夠陪我們走過完整人生的，
只有我們自己。
所以，
我們要更愛自己一點。
自己都不愛自己，
又能指望誰能來愛你？
看見你的微笑，就是太陽的懷抱
在這世上，有些人你只認識了一天，竟然卻感覺像是認識了一輩子的老友般那麼熟悉。
這便是所謂的「白首如新，傾蓋如故」。
而另一些人，即使你們天天在一起，可能思想上、認知上也是南轅北轍，絲毫無法互相理解。
這就是所謂的「話不投機半句多」。
或然率上，極端的情況不會經常在生活中出現。
也就是說，我們每個人的一生之中，既有可能遇到那些踩我的人，也有可能遇到那些幫助我們的人。
就像太陽照在樹葉上會漏下斑駁的光影一樣，有陽光的地方，就必然會有陰影。
只是，我們不能因為陰影，就拒絕陽光。
心若向陽，處處都是美好的時光。陽光下雖有陰霾，但是終究遮擋不住漫天的輝光。
就像是我們在生活中有晴有雨一樣，我們的心靈也是如此。
若你能向每個需要幫助的人伸出雙手，這樣的情感就是一種發自心底的善意和無私。而當一個人以自己的無私去成就他人時，會有意想不到的效果。
世事是很玄妙的，你會發現，往往在你幫助別人的時候，也能反觀自己、治癒自己。
因為對你而言，他人的痛苦，就是自我的觀照。每個人生來就是不完整的，我們需要與這個世界融合，才能慢慢修復我們不完整之處。
或許，到那個時候，你才會發現，你真正想要的和你表面想要的並不一致。表意識上，每個人都希望自己功成名就，但是潛意識裡，我們卻發現，功成名就了之後，我們還是一樣會孤獨。我們心底真正渴望的，是愛和平靜，那種最本真、最易得的部分。
這世界上有很能自省的人，在幫助別人的過程中，獲得了自己想要的東西，洞見了自己真實的心靈。
這，便是對自身最好的回報。
世事總是會呈現陰陽兩面，前一秒經歷了痛苦和難受，下一秒或許會得到了意想不到的溫暖和善意。
所以，不要輕易懷疑自己，用心去感受自己所做的一切。如果你相信自己是對的，那就堅持下去，終有守得雲開見月明的時刻。
記住人生中那些美好的點滴，它們是足以令人回憶一生的片段。記住人生中那些善意的瞬間，它們是真正支撐靈魂的養分。
幸福雖然很短暫，但卻又是那樣震撼人心。
美好的事物往往是無常的，但是這個世界從不會吝嗇將美好展示給你我。
因為有所期待，所以才有獲得之後的那種快樂。
記得我讀過的書裡，有一個描繪蘇非派旋轉舞的片段，她旋轉的過程，就是她的自我救贖和自我昇華。
而她旋轉的過程裡，充滿了痛苦、汗水、迷惑。
但是她的舞蹈，卻給別人帶來了歡樂與美好。
當她停下來的時候，雖然她還是她，但是她卻獲得了新生。
只有她自己知道，她的內在已經不一樣了。
我們不能等來美好，但是，我們可以在前行的過程中自救。
沒有人生來完美，但是總有人會不斷改善自己。
所以，一切事物的意義不在於結果如何，而在於你以什麼樣的心態去感受生命的歷程。
那些令你幸福的、痛苦的東西，當你回顧時，你會發現，它們出現，都有它存在的意義。
所有人的出現都是有意義的事，每一片雪花都不會落錯地方。
用積極的心態去擁抱變化，接受和面對新的機遇和境況，你會發現太極魚的轉換，也是心的轉換。既然凡事皆有陰陽，看到了陰之面，就更應該勇敢的去迎接陽之面。
親愛的，你要相信，這個世界就是光明與痛苦並行的。雖然有些人的出現，會讓你感覺世界到處都陰暗潮濕長蘑菇，但總有另外一些人的到來，會讓你感覺陽光明媚，似乎得到了來自四面八方的正能量。
多和那些總是能帶給你正面力量的人在一起，做一個批評家很容易，做一個鼓勵周圍人的善意者卻並不輕鬆。感謝他們的存在。
正如那句歌詞：「看見你的微笑，就是太陽的懷抱」。",https://img9.doubanio.com/view/subject/l/public/s33570034.jpg,2020-1-1,https://book.douban.com/subject/34960399/,9.1,4,,"心理学,随笔,生活,自我成长,成长",2021-07-26 05:58:36
2948926623,缤纷日本,谢哲青 李艾霖 / 2020 / 陕西人民出版社,"器物、园林、建筑、城市、风景
探寻日本参差多态的风物景致 发掘日式美学的文化之源
从川端康成笔下的雪国 到白沙飞鸥的渔乡
于落英缤纷之下，于秋荻茂盛之处
隐藏于生活细微之处 绝对、真实的日本之美",https://img9.doubanio.com/view/subject/l/public/s33686480.jpg,2020-8,https://book.douban.com/subject/35120187/,7.5,4,,日本文化,2021-07-11 13:48:54
2610445999,当下的力量（珍藏版）,埃克哈特•托利 (Eckhart Tolle) / 2013 / 中信出版社,"《当下的力量》堪称心灵读物经典，英文版自2004年出版至今，被翻译成30多种语言，畅销超过200万册。本书为中文版第三版。
作者埃克哈特•托利在书中引导我们发现，我们一直都处在大脑或思维的控制之下，生活在对时间的永恒焦虑中。我们忘不掉过去，更担心未来。但实际上，我们只能活在当下，活在此时此刻，所有的一切都是在当下发生的，而过去和未来只是一个无意义的时间概念。通过向当下的臣服，你才能找到真正的力量，找到获得平和与宁静的入口。在那里，我们能找到真正的欢乐，我们能拥抱真正的自我。
17年蝉联美国亚马逊畅销书排行榜
翻译成50多种文字，畅销全球500多万册
我们这个时代最具影响力的心灵经典
身心灵畅销作家张德芬导读推荐
曾经，有一位乞丐在路边坐了三十多年。
一天，一位陌生人经过。
这位乞丐机械地举起他的旧棒球帽，喃喃地说：“给点儿吧。”
陌生人说：“我没有任何东西可以给你。”
然后他问：“你坐着的是什么？”
乞丐回答说：“什么都没有，只是一个旧箱子而已，自从我有记忆以来，我就一直坐在它上面。”陌生人问：“你曾经打开过箱子吗？”
“没有。”乞丐说：“有什么用？里面什么都没有。”
陌生人坚持：“打开箱子看一看。”
乞丐这才试着打开箱子。这时令人意想不到的事情发生了，乞丐充满了惊奇与狂喜：箱子里装满了金子。
那些没有找到他们真正财富——存在的欢乐以及与它紧密联系在一起的深深的不可动摇的宁静——的人就是故事中的那个乞丐，即便已经拥有很多物质上的财富，他们依然在四处寻找欢乐、成就、安全或爱情的残余，他们不知道，自己不仅已经拥有了所有这些，还拥有了比这些更为珍贵的东西，那就是——当下的力量。
这不仅仅是一本书，它还蕴含着活生生的能量。这种能量可以奇迹般地改变你的生活，而且事实证明，它已经改变了无数人的生命轨迹。
这不是一口气读完的书，它将陪伴你一生，每次阅读，都会有不同的体验。
我们一直都处在“思维”的控制下，生活在对时间的永恒焦虑中。我们无法控制自己的大脑，沦为“强迫性思维”的奴隶；我们忘不掉过去，更担心未来。
实际上，我们所能拥有的一切，只有当下。一切都是在当下发生的，而过去和未来，只是一个无意义的时间幻象。
通过向当下臣服，我们才能找到力量的源泉，发现平和与宁静的入口。在那里，我们便放下焦虑和压力，获得内在的智慧和真正的喜悦。",https://img9.doubanio.com/view/subject/l/public/s26922429.jpg,2013-7-1,https://book.douban.com/subject/24758481/,8.7,4,,"心理,思维,当下的力量,心理学,哲学,灵修,心灵,成长",2021-06-07 09:47:13
2789716879,结构化思维,黎甜 / 2019 / 文化发展出版社,"编辑推荐
◆ 学会结构化思维，让人生从此提效
《结构化思维》可以帮助我们在陈述问题、表达核心观点的时候，能少说废话，将复杂问题简单化，清晰准确地表达观点，建构条理清晰的思考模式。学会有结构、有规律地整理复杂信息，让人生从此提效。
◆ 拯救无效努力，成为你想成为的自己
有些人看起来很努力，但是却不出成果。高效的思考力并非天生，而是长期自我训练的结果。系统化的思维方式，让深陷思维泥沼的人走出思维误区，达到事半功倍的效果。
◆ 全书干货满满，是一本比较实用的思维进阶实修课
万事万物，皆有结构，皆成框架，皆成系统。本书在搭建结构化思维关键方法的基础上，介绍了八种升级版的思维结构，具体方法配合落地训练，每个人都能从中找到适合自己的思维模式。

内容简介
本书以结构化思维为主题，写给那些想通过学习有效思考，改变人生的你。全书系统梳理了结构化思维的基础知识，在搭建结构化思维的关键原则和方法的基础上，介绍了八种升级版的思维结构，每个人都能根据自己的思维特点，找到适合自己的思维模式。具体方法配合综合练习，让思维结构的搭建不再是纸上谈兵、看着热闹，而是落地训练，每个认真阅读此书的人，都能掌握并形成结构化思维。",https://img9.doubanio.com/view/subject/l/public/s33692811.jpg,2019-12-23,https://book.douban.com/subject/34923605/,6.8,3,感觉介绍的类似二分法、5W1H、金字塔、归纳等等的思维方式还不错，而且更适合工作中写PPT、写材料的场合，理解起来并不算太难，想要应用得当，还是需要一点一点去实践啊……,"心理学,方法论,方法,自我成长,思维,思维方式,成长",2021-04-27 23:27:43
2758742673,深度思考,[美]莫琳·希凯 / 2018 / 江苏凤凰文艺出版社,"深度思考就是不断逼近问题的本质
事情来了就做，很少去想为什么做，怎么做，以及做了之后想得到什么结果？
笃信天道酬勤，大部分时间用来埋头苦干，却鲜少抬头看路？
习惯于用战术上的勤奋来掩饰战略上的懒惰？
事实上，任何深度思考前的盲目勤奋，注定都是吃力不讨好的徒劳。
在碎片化信息爆炸的当下，在竞争激烈的高阶领域，决胜的关键不仅在于知识的多寡、勤奋的程度如何，更在于是否具备深度思考的能力。
本书作者、香奈儿前全球CEO莫琳·希凯回首自己从普通职员到职场巅峰的进阶之道，为你逐一揭开在所有领域获取成功的共通秘笈：
遇到复杂问题时，像剥洋葱一样逐层分析；
从被动接受到主动学习，从低成长区跨越到高成长区；
让自己冷静下来后，更容易看清问题的本质；
战术上的勤奋和战略上的优化同时推进；
刻意练习深度思考的能力，使之成为习惯；
……
用深度思考连接一切，是未来10年最有价值的认知升级与自我精进的模式，是最具竞争力的优势。",https://img9.doubanio.com/view/subject/l/public/s33514580.jpg,2018-9,https://book.douban.com/subject/30312510/,6.1,3,一本注定要被书名所欺骗的书，更像是一部自传体小说，讲述了自己如何从一名业务员一步步地成为香奈儿的CEO，从女性的视角去探索家庭、职场以及商业的方方面面，突破自我、打破规则是作者在反复提到的关键字，感觉还是有一点太理想化了啊，适合随便翻一翻，参考意义不大。,"思维,传记,自我成长,自传,商业,深度思维,深度思考,自我管理,思考",2021-03-13 14:44:55
2671779367,记忆宫殿,宁梓亦 / 2018 / 中国纺织出版社,《记忆宫殿：一本书快速提升记忆力》向读者介绍了全世界记忆高手都在用的记忆方法：记忆宫殿，掌握记忆宫殿可以长久记忆海量的数字和文字资料。学习记忆宫殿并不难，作者从视觉图像是高效记忆法的基础谈起，引导读者转变记忆模式，提高想象和联结的能力，掌握数字编码系统，结合书中提供的大量的实践练习，建立属于自己的记忆宫殿，从而轻松记忆学科知识、职业技能和生活细节。对于应用记忆术遇到的困惑，作者也提供了特别的见解。,https://img9.doubanio.com/view/subject/l/public/s29743832.jpg,2018-2,https://book.douban.com/subject/30197924/,7.1,4,读过这本书以后，能打破你对记忆宫殿的神秘感，而事实就是，借助联想、象形、谐音等等的方法，让待记忆的事物和“记忆桩”产生联系，还是需要大量的练习来掌握这些技巧，个人感觉开阔思路是不错的，可能，世界上并没有速成的方法，来对抗遗忘曲线……,"记忆法,思维方式,记忆宫殿,科普,心理学,自我管理,记忆,学习",2021-02-16 17:46:09
2717066025,特朗普自传,[美] 唐纳德·特朗普 [美] 托尼·施瓦茨 / 2016 / 中国青年出版社,"内容提要： 《从20到30亿：特朗普自传》全面展示了地产大王特朗普在纽约房地产的全盛时期融资、开发和建设的历程。作为美国纽约皇后区的地产之子，特朗普在27岁的时候宣称：我不是为了赚钱，但他买下并使中央车站的科莫多大酒店变了模样。40岁的时候，他建成了第五大道的特朗普大厦，拥有并运营大西洋城的特朗普城堡，他无疑是曼哈顿名人圈耀眼的一颗新星。现在他又在西城区开发有争议的电视城项目，其中括了世界高楼的规划。
特朗普概括了他自己的成功秘诀：想象力、毅力和嬗变的技巧，但是重要的是商人具备的直觉。唐纳德.特朗普创造了美国的神话，激励着越来越的人去实现自己的创业梦想。他在本书中提醒所有的创业者：你要做的就是这样：一步紧跟着一步，开始是一小步，然后步子越来越大、越来越坚定、越来越有力量。走你自己的路，这样你才能到达自己想去的地方。",https://img9.doubanio.com/view/subject/l/public/s29003646.jpg,2016-6,https://book.douban.com/subject/26862478/,6.9,3,特朗普一直在说要做自己擅长的事情，可扪心自问，他擅长做总统吗？从这部传记里读出来的特朗普，是一个做起事来有点“离经叛道”的商人，他做成一桩又一桩的生意，除了独到的眼光和惊人的胆识以外，我觉得还有美国整个国家发展的历史进程，如果没有疫情，也许他真的就顺利连任了吧，可治理国家不像是做买卖，因为你不能单单考虑为竞选出资的那一小部分人的利益……,"特朗普,人生经验,人物传记,个人传记,经济,传记,商业,生意",2021-02-16 10:24:27
2706658844,那些死亡教我如何活,[日] 特扫队长 / 2017 / 外语教学与研究出版社,"特殊清扫，清扫的不只是普通的垃圾，而是一个人留在世界上最后的痕迹。
从事特殊清扫20年，无数次进出各类死亡现场，见过形形色色不同的人，在生与死的边缘，他选择用笔记录下自己所经历和思考的一切。
有善终的老人，葬礼上全无悲哀肃穆的气氛；有因病而亡的运动少年，戴着奖牌走完了在人世的最后一程；有自我了结的中年人，在墙壁的月历上留下奋斗的记号；也有“孤独死”的人，却有一生的挚友帮其善后……
对死者来说，人世的变幻无常在死亡的那一刻已然定格。可是对生者而言，关于生与死的思考却永远不会停止。
什么是生？什么是死？生命中什么最值得珍惜？站在十字路口，什么才是正确的选择？这些问题，恐怕思索一生也未必能得出一个明确的答案。
不知死，焉知生？只有在死亡面前，生命才能凸显其分量；也只有在死亡面前，人生中最弥足珍贵的东西才会浮现。跟随特扫队长进入25个房间，旁观25个人的生命故事，或许我们对于生和死，会有不一样的思考。",https://img9.doubanio.com/view/subject/l/public/s29630687.jpg,2017-12,https://book.douban.com/subject/27078988/,7.2,4,非常薄的一本小册子，大约200页左右，有一点像“非正常死亡”的叙事方式，从“特殊清扫”这样一个职业的角度来看待死亡，总而言之，故事内核上还是鼓励每一个人，竭尽全力努力过好生命中的每一天，直至死亡那一刻的到来，每一篇结尾都固定地有一段鸡汤式的温情脉脉的话语，虽然不煽情，可还是有受到一点触动……,"日本,死亡,哲学,故事,生命,随笔,日本文学",2021-01-24 14:04:40
1384676919,暗时间,刘未鹏 / 2011 / 电子工业出版社,2003年，刘未鹏在杂志上发表了自己的第一篇文章，并开始写博客。最初的博客较短，也较琐碎，并夹杂着一些翻译的文章。后来渐渐开始有了一些自己的心得和看法。在这8年里，作者平均每个月写1篇博客或更少，但从未停止。这本书便是从刘未鹏8年的博客文章中精选出来的，主要关于心智模式、学习方法和时间利用，《暗时间》的书名便来自于此。,https://img9.doubanio.com/view/subject/l/public/s6586365.jpg,2011-7,https://book.douban.com/subject/6709809/,8.4,4,相比之下，还是喜欢读博客呢，章节间的联系太松散，关注心智、心理这些内在的东西，是作者区别于普通技术博客的特点啦！,"成长,心智,暗时间,个人管理,方法论,时间管理,心理学,个人成长,思维,刘未鹏",2021-01-02 14:27:58
2368270430,50：伟大的短篇小说们,欧·亨利 契诃夫 都德 蒲宁 舒尔茨 波德莱尔 莫泊桑 马克·吐温 泰戈尔 海明威 福克纳 普希金 托尔斯泰 陀思妥耶夫斯基 爱伦·坡 伍尔夫 霍桑 毛姆 卡夫卡 茨威格 狄更斯 芥川龙之介 菲茨杰拉德 洛夫克拉夫特 / 2017 / 天津人民出版社,本书除了收录世界四大短篇小说家欧·亨利、契诃夫、莫泊桑、马克·吐温的代表作，还囊括了诺贝尔文学奖得主泰戈尔、海明威、福克纳，俄语文学三大巨匠普希金、托尔斯泰、陀思妥耶夫斯基，以意识流创作著称的伍尔夫，恐怖美学的践行者爱伦·坡、洛夫克拉夫特，以及在各文学流派中占有一席之地的——霍桑、毛姆、卡夫卡、茨威格、狄更斯、芥川龙之介、菲茨杰拉德等37位大咖们的经典力作。柳鸣九、张英伦、曹明伦、姚向辉、赵玉皎、杨向荣、楼武挺、姜乙、杨蔚等31位权威译者高水准的译本，用词严谨，语言简洁，最大程度地还原原著之美，展现大师们独到的叙事风格和技巧，为你带来一场世界短篇小说的经典盛宴。,https://img9.doubanio.com/view/subject/l/public/s29644770.jpg,2017-12,https://book.douban.com/subject/27601742/,8.1,3,商业化气息太严重，除了欧亨利的小说，其余作家的放在这里多少有点别扭，适合没有时间去读每一位作家的人，比如我这样的？😳,"文学,短篇,经典,小说",2021-01-02 14:25:00
1739788996,陆犯焉识,严歌苓 / 2011 / 作家出版社,"《陆犯焉识》内容简介：陆焉识本是上海大户人家才子+公子型的少爷，聪慧而倜傥，会多国语言，也会讨女人喜欢。父亲去世后，年轻无嗣的继母冯仪芳为了巩固其在家族中的地位，软硬兼施地使他娶了自己的娘家侄女冯婉喻。没有爱情的陆焉识很快出国留学，在美国华盛顿毫无愧意地过了几年花花公子的自由生活。毕业回国后的陆焉识博士开始了风流得意的大学教授生活，也开始了在风情而精明的继母和温婉而坚韧的妻子夹缝间尴尬的家庭生活。
五十年代，陆焉识因其出身、更因其不谙世事的张扬激越而成为""”反革命“”， 在历次运动中，其迂腐可笑的书生气使他的刑期一次次延长，直至被判为无期。这位智商超群的留美博士由此揣着极高的学识在西北大荒草漠上改造了二十年。精神的匮乏、政治的严苛、犯人间的相互围猎与倾轧，终使他身上满布的旧时代文人华贵的自尊凋谢成一地碎片。枯寂中对繁华半生的反刍，使他确认了内心对婉喻的深爱。婉喻曾是他寡味的开端，却在回忆里成为他完美的归宿。
“文革”“结束后，饱经思念的陆焉识和冯婉喻终于可以团聚，然而回到上海家中的陆焉识却发现岁月和政治彻底改变了他的生活，他再也找不到自己存在的位置：一生沉沦、终成俗庸小市民的儿子一直排斥和利用他，才貌俱佳、终成大龄剩女的小女儿对他爱怨纠结，态度几经转变，唯一苦苦等待他归来的婉喻却在他到家前突然失忆。
《陆犯焉识》编辑推荐：被中西方文坛誉为；“华文世界最值得期待的作家”；严歌苓颠覆性转型之作；当政治与人生相撞，孰是孰非……最大胆的笔触，直逼人类精神的灰色地带；最温情的回眸，抚摸岁月带给爱情的伤痕。
严歌苓近年来一直萦怀于对自身家族史特别是对其祖父人生遭际和精神世界的探寻。依此多年的功课，《陆犯焉识》以深远的济世情怀，将知识分子陆焉识的命运铺展在中国近当代政治这块庞大而坚硬的底布上，检视了残酷岁月里生命可能达到的高度。她的笔触往返于主人公盛年时流连的浮华地美国、上海和其后半生被禁锢的流放地西北大荒漠，世态的炎凉和命运的多诡尽收眼底。她的讲述，冷静与幽默同行，温情与练达并重，大有“翻手为苍凉，覆手为繁华”之概。",https://img9.doubanio.com/view/subject/l/public/s6987353.jpg,2011-10,https://book.douban.com/subject/6880158/,8.9,4,时间跨度相对电影要漫长的多，读起来是那种沉重而克制的感觉，没有类似经历的人读来，始终有种陌生的感觉，没有坚持读完，这是我的过错😓,"历史,中国,严歌苓,文革,当代,中国文学,小说,人性,爱情",2021-01-02 14:22:56
2599228938,世界尽头的世界,[智利] 路易斯·塞普尔维达 / 2017 / 人民文学出版社,一名少年在读了《白鲸》后憧憬海上生活，从圣地亚哥来到智利南部陌生的港口，登上 捕鲸船做了水手，见识到了存在于现实和小说中的英雄航行过的海域。 多年后，他成了一名记者并加入了“绿色和平”组织，生活在地球的另一端。当他回到 曾经旅行过的地方时，却是出于完全不同的理由。几艘海盗船在猎捕世界尽头冻海中的 海洋动物。他必须追踪海上的血迹，找到证据，并阻止这种野蛮行径。 本书收录塞普尔维达四部中篇小说，展现了这位智利作家的旅行家和环保主义者的特质。 他通过书写在已知世界的尽头旅行的经历，呼吁生态与人类梦想的平衡，字里行间充满 了诗意、激情和柔情。,https://img9.doubanio.com/view/subject/l/public/s29487985.jpg,2017-7,https://book.douban.com/subject/27079095/,7.8,4,还是更喜欢杀手的故事一点啊,"外国文学,短篇小说,塞普尔维达,短篇小说集,小说,文学,拉美文学",2020-12-26 16:30:56
2639134791,了不起的Markdown,毕小朋 / 2019 / 电子工业出版社,"Markdown是一种轻量级标记语言，它允许人们使用易读、易写的纯文本格式编写文档。《了不起的Markdown》全面、系统地介绍了Markdown的语法规范、编辑器及各种应用场景，内容围绕Markdown使用者的痛点展开，力求简明、实用。
《了不起的Markdown》从Markdown的起源、演进开始讲起，到基础语法、扩展语法和使用规范，内容循序渐进。本书还介绍了Markdown两大编辑器——Typora和VS Code，并针对写博客文章（知乎、简书、CSDN）、写微信公众号文章、写项目文档、写书、记笔记（印象笔记、有道云笔记、熊掌记）、写邮件、写幻灯片、写在线协作文档（腾讯文档、石墨文档）、写交互式文档、搭建个人博客等众多写作场景，为读者提供了漂亮、实用的写作方案。
不管你从事什么职业，也不管你学什么专业，只要你需要写作，只要你想优雅而高效地写作，《了不起的Markdown》都适合你。",https://img9.doubanio.com/view/subject/l/public/s33436269.jpg,2019-8,https://book.douban.com/subject/34613706/,6.4,4,其实Markdown本身的语法并不复杂，而围绕着Markdown的各种扩展语法，比如流程图、Slide、LaTex等等，因为通用性问题实际上完全看个人使用Markdown的目的，我个人使用VSCode和Typora比较多，感觉除了角注、上/下标这些没有用过以外，大多数语法都是熟悉了的，快捷键什么的，学习了还是一样记不住😁,"Markdown,工具软件,计算机,通俗易懂,软件技术,写作,实用",2020-12-12 16:34:12
2628761196,重来3：跳出疯狂的忙碌,[美] 贾森·弗里德 [丹] 戴维·海涅迈尔·汉森 / 2020 / 电子工业出版社,"在叫嚣着“颠覆世界”“商场如战场”的这个时代，好像人人都在想着改变世界—这为他们每天晚上9点开会、周末加班赶工和让整个公司一起加班找了个好理由。
作为一家长期赢利的科技公司的创始人，两位作者明确反对这些让人每天感到混乱、焦虑，且让人疲惫不堪的工作方式。通过展示Basecamp公司在公司愿景、工作时间、公司文化、工作流程、业务管理等方面目前所做的事，他们向读者展示了另一种新的可能—冷静的公司文化。而且，《重来3：跳出疯狂的忙碌》旨在让你理解，无论是什么行业、什么规模的公司，都能够达到同样的境界。",https://img9.doubanio.com/view/subject/l/public/s33699293.jpg,2020-7,https://book.douban.com/subject/35135787/,8.2,4,,"效率,方法论,自我管理,管理,思维,微信读书,职场,Kindle",2020-12-04 17:11:21
2572966070,女生呵护指南,六层楼 / 2019 / 浙江科学技术出版社,从“大姨妈”的初次拜访开始，女生就和这位“亲戚”有了扯不断的关系。从小女孩逐渐成长为魅力女性的过程中，除了欣喜和向往，随之而来的还有迷茫、敏感、难言和不安。因为，她们不得不开始面对只有女性才会面对的那些事儿──月经、白带、炎症、妇科疾病、怀孕…… 这本书既是女生的私密宝典，帮助女生解决有关女性生理、妇科疾病、安全防护等的问题，也是了解和关爱女生的大百科，让你懂得如何呵护女生。轻松、幽默、贴心而又科学、严谨的内容会陪女生度过痛苦和迷茫的时刻，给予女生温暖的呵护。,https://img9.doubanio.com/view/subject/l/public/s33458976.jpg,2019-7-1,https://book.douban.com/subject/34462719/,8.1,4,替未来的女朋友或者女儿来读这本书，虽然这些短期内都不会拥有，也许学会这些晦涩的知识，并不能避免你成为一个直男，可我已经在尝试和了解了……,"女性,生活,指南,科普,健康,医学",2020-11-08 10:20:28
2577729411,冷浪漫,科学松鼠会 / 2011 / 中国书店,"X射线分析发现兵马俑上的蓝色颜料并非埃及蓝的“后代”，主要组织相容性复合体决定了一个女人会不会爱上一个男人，非主流的自平衡地球控制理论点出了和谐二字的精髓，计算机和进化论比化妆品更能决定一张脸美不美，宅男遇见媳妇的几率大小取决于是否身处德西特时空，有人会因为拥有灵敏的味 觉而不喜欢喝酒，宇宙中正在发生和已经发生的恒星核反应为新生命到来提供了可能，放弃种种玄学信仰之后用逻辑来研究艺术就是一种顺理成章的尝试。科学松鼠会那些充满文艺情怀的理工博士们，在一年里用八个关键词写就了一本作业，为你呈现这个既有理性之冷酷又有感性之浪漫的世界。
这本书精选科学松鼠会多位作者的作品，包括色、爱、和、美、宅、酒说、新生、艺术8个主题。在每一章中，各位松鼠们从物理、化学、生物、信息技术、音乐等不同的学科视角出发，用专业化的知识、通俗化的语言对主题展开了别开生面的诠释，从颜色的味道到基因与爱情的关系，从护肤品、保健品中隐藏的秘密到寒武纪“生命大爆发”……呈现在你面前的是一个剥去了严肃外壳之后的异彩纷呈的浪漫科学世界。",https://img9.doubanio.com/view/subject/l/public/s4654014.jpg,2011-3,https://book.douban.com/subject/5975576/,7.7,3,整体感觉，文艺气息偏重，科学意味偏薄，虽然关于色彩、植物、情感的这几篇读起来蛮有启发，但是读到最后，就有一点滥竽充数的感觉，比散文多了一点“科普”的意味，但感觉写作者的科学素养应该不是特别高，话虽然如此，人们还是对红色的口红趋之若鹜，明明这只是人类的一厢情愿，代表血腥还是代表喜庆，代表甜蜜还是代表错误，你怎么看呢？,"心理学,科普,果壳阅读,科学,科学松鼠会,心理,生物",2020-10-25 18:02:15
2562029503,重来,[美] 贾森·弗里德 [丹] 戴维·海涅迈尔·汉森 / 2010 / 中信出版社,"大多数的企业管理的书籍都会告诉你：制定商业计划、分析竞争形势、寻找投资人等等。如果你要找的是那样的书，那么把这本书放回书架吧。
这本书呈现的是一种更好、更简单的经商成功之道。读完这本书，你就会明白为什么计划实际上百害而无一益，为什么你不需要外界投资人，为什么将竞争视而不见反倒会发展得更好。事实是你所需要的比你想象的少得多。你不必成为工作狂，你不必大量招兵买马，你不必把时间浪费在案头工作和会议上，你甚至不必拥有一间办公室。所有这些都仅仅是借口！
用直截了当的语言和崇尚简约的方式，《重来》是每一个梦想着拥有自己的事业的人的完美指南。不管是作为中坚力量的企业家、小企业主，还是深陷令人不快的工作中的职场中人、被炒鱿鱼的受害者，抑或是想要“脱贫”的艺术家，都能在这一页页中找到弥足珍贵的指引。",https://img9.doubanio.com/view/subject/l/public/s4502451.jpg,2010-10,https://book.douban.com/subject/5320866/,8.3,4,总之，读起来就感觉，国内互联网公司是一个又一个活生生地反例😂,"管理,互联网,重来,领导力,思维,商业,创新",2020-10-11 10:00:37
2545065103,时间的形状,汪洁 / 2017 / 北京时代华文书局,"一直以来，你一定会有这样的疑问：
永恒流淌的时间，是真的摸不着看不见，还是有形状和终点？
我们所处的空间，是三维四维还是五维？
我们能不能踏上时光机，任意穿越时空回到过去和未来？
这些，都将在本书中找到答案。
跟随作者，你可以进入爱因斯坦的梦境，坐在牛顿老师的课堂，来到星光实验的现场……近距离接触科学的真相。你将轻松了解一个你以为深奥得无法捉摸的理论，你将进入一个你以为奇妙得永远理解不了的世界。
本书上部和大家一起回顾物理学走过的坎坷历史，这段历史的精彩程度不亚于任何一段战争史。在伽利略、牛顿等巨星纷纷谢幕之后，超级巨星爱因斯坦闪亮登场。他就像一位横空出世的大侠，无门无派，但出手即震惊天下，他的绝招就是“相对论”。
书的下部比上部还要精彩，结构宏大，故事神奇，真相惊人。在下部，作者细致地剖析时空真相，带你领略神奇的四维时空奇境，了解整个宇宙的终极图景，再回到原子的深处见识不可思议的微观世界，然后看一看当下物理学的新进展——万物理论。
一本人人都能读懂的相对论，用通俗幽默的语言讲解深奥的科学道理。这不是一本书，这是一个全新的宇宙观。",https://img9.doubanio.com/view/subject/l/public/s29389153.jpg,2017-4,https://book.douban.com/subject/26992254/,8.8,4,,"物理,自然科学,科普,自然,科学与哲学,科学,相对论",2020-10-11 09:58:58
2534379326,鱼乐,北岛 编 / 2015 / 中信出版社,"顾城（1956—1993）是中国当代诗歌史上最具有影响力的诗人之一，诗作纯净自然，一句“黑夜给了我黑色的眼睛，我却用它寻找光明……”成为中国新诗的经典名句。他的作品被译成英、法、德、西班牙、瑞典等十多种文字。顾城与妻子谢烨相识相恋、隐居新西兰激流岛的浪漫生活也同样成为一个传奇故事。1993年10月8日，童话诗人却在其新西兰寓所因婚变，杀死妻子谢烨后自杀。他的英年早逝，是当代诗坛的损失；他的人生悲剧，也是文学史上令人扼腕叹息的谜。
《鱼乐：忆顾城》就是顾城的友人所创作的怀念文集，包括11位知名的作家、诗人、学者和译者所创作的纪念顾城逝世二十周年的回忆性散文，如舒婷、王安忆等；更收录了66张珍贵历史图片，全面立体地展现了顾城的诗歌人生。
斯人已逝，悼念之情真挚，不管是体味人间真情，还是深入了解顾城及其人生悲剧背后的种种深层原因，《鱼乐：忆顾城》集中收录的都是真情流露的好文章。",https://img9.doubanio.com/view/subject/l/public/s28261545.jpg,2015-8,https://book.douban.com/subject/26427100/,8,,,"随笔/散文,顾城,诗歌,北岛,文学",2020-09-19 20:20:04
2475851438,微软互联网信息服务最佳实践,李争 / 2016 / 清华大学出版社,,https://img9.doubanio.com/view/subject/l/public/s28982200.jpg,2016-7-1,https://book.douban.com/subject/26857013/,,3,除了IIS里各种设置细节，最有用的部分，大概就是如何Dump内存、分析内存了😁,"软件开发,IIS,程序设计,计算机",2020-08-24 21:23:36
2475850750,硅谷之火,保罗·弗赖伯格 迈克尔·斯韦因 / 2014 / 中国华侨出版社,《硅谷之火:人与计算机的未来》以生动的故事，介绍了计算机爱好者以怎样的创新精神和不懈的努力，将计算机技术的力量包装在一个小巧玲珑的机壳里，实现了个人拥有计算机的梦想。同时以独特的视角讲述了苹果、微软、太阳微系统、网景、莲花以及甲骨文等公司的创业者们在实现个人计算机梦想的过程中创业的艰辛、守业的艰难、失败的痛苦，在激烈竞争的环境中奋斗的精神以及在技术上不断前进的历程。,https://img9.doubanio.com/view/subject/l/public/s27988606.jpg,2014-11-1,https://book.douban.com/subject/26306584/,6.9,4,时间这种东西，有时候真的是一瞬间的事情，我们常常感慨，没有真正属于我们自己的“创造”，可回顾这段将近30年的历史，还是忍不住唏嘘，计算机性能越来越好，可我们好像再没有那种“兴奋”的感觉，从大学自学计算机到毕业后找到相关工作，最大的感受就是，如果你喜欢一样东西，千万不要让它成为你的工作，在应用层面大家搞得风生水起，可无非是做了一个又一个内容管理系统，这样真的是对的吗？,"商业,科学,计算机,互联网思维,美国,互联网,创业,计算机历史,历史,科技",2020-08-23 22:41:57
2445818472,未来世界的幸存者,阮一峰 / 2018 / 人民邮电出版社,本书为阮一峰博客文集，主要收录的是作者对技术变革的影响的一些思考，希望能够藉此书让读者意识到世界正在剧烈变化，洪水就在不远处，从而早早准备出路。本书适合所有乐于思考的读者。,https://img9.doubanio.com/view/subject/l/public/s29804420.jpg,2018-6-1,https://book.douban.com/subject/30259509/,7.6,4,感觉读起来更像阮老师平时的博客，对于这个时代的思考，或许每个人都会有自己的想法，可当柯洁被AlphaGo打败的时候，人类的情感在机器的绝对理性面前脆弱不堪，可只有冰冷的数字、绝对的理性的世界，是相当可怕的，就像每个人都被当做资源，都被当做数字，所以，我对任何试图让人变成机器的行为都很警惕，在情感、美、艺术领域，机器是永远无法取代人类的，而人类一旦缺乏了某种道德感，不用遥远的未来，此时此刻，我们就能看到他的结果如何……,"科普,未来,科技,随笔,思维,计算机,思考,社会,阮一峰",2020-07-09 08:18:42
2430219087,白话大数据与机器学习,高扬 卫峥 尹会生 / 2016 / 机械工业出版社,"本书通俗易懂，有高中数学基础即可看懂，同时结合大量案例与漫画，将高度抽象的数学、算法与应用，与现实生活中的案例和事件一一做了关联，将源自生活的抽象还原出来，帮助读者理解后，又带领大家将这些抽象的规律与算法应用于实践，贴合读者需求。同时，本书不是割裂讲解大数据与机器学习的算法和应用，还讲解了其生态环境与关联内容，让读者更全面地知晓渊源与未来，是系统学习大数据与机器学习的不二之选：
·大数据产业解读一一剖析产业情况，人才供需、职业选择与相应“武器”库；
·步入大数据之门一一解读数据、信息、算法，以及与大数据应用的关系；
·大数据基石一一结合大量示例和漫画，趣味讲解大数据算法应掌握的数学知识，无障碍学习；
·大数据算法奥义——信息论、向量空间、回归、聚类、分类等最为核心的算法的释义与应用，举重若轻；
·大数据热门应用——关联分析、用户画像、推荐算法、文本挖掘、人工神经网络等最实用、最需要了解的应用的原理与实现；
·大数据主流框架一一介绍了主流的大数据框架(Hadoop、Spark和Cassandra)；
·系统架构与调优一一从速度与稳定性方面给出调优的一般性“内功心法”；
·大数据价值与变现一一从运营指标、AB测试、大数据价值与变现场景多维度解读。",https://img9.doubanio.com/view/subject/l/public/s28878966.jpg,2016-6,https://book.douban.com/subject/26832701/,7.2,4,想了解一点关于内容推荐的知识，因为给博客设计内容推荐的时候，无形中用到这部分知识，算是一本非常不错的科普类书籍吧(咦，怎么又是一本科普类书籍)，从第15章以后基本就是劝退的节奏，这样看一遍下来，最大的感受就是，曾经给微博做得数据分析简直就和闹着玩一样，数学都快忘光了怎么破……,"计算机,互联网,科普,人工智能,数据挖掘,机器学习,大数据,数据分析",2020-07-05 20:36:51
2430218075,被讨厌的勇气,岸见一郎 古贺史健 / 2015 / 机械工业出版社,"「被讨厌的勇气」并不是要去吸引被讨厌的负向能量，而是，如果这是我生命想绽放出最美的光彩，那么，即使有被讨厌的可能，我都要用自己的双手双脚往那里走去。」
「因为拥有了被讨厌的勇气，于是有了真正幸福的可能。」
你是否常常对繁琐的生活感到乏味？
你是否时时为复杂的人际关系感到疲惫？
你是否认为人生的意义越来越模糊难见？
我们如何能够在繁杂的日常琐碎和复杂的人际关系中用自己的双手去获得真正的幸福？
这一切的答案尽在这本《被讨厌的勇气》中！
★日本亚马逊2014年度销售冠军，连续300天雄踞销售榜首！
★蔡康永、张德芬 陈文茜、曾宝仪、勇气推荐！
★张沛超、胡慎之、动机在杭州 作序推荐！
★阿德勒思想拥有改变人一生的力量。剩下的就只有能否鼓起迈出一步的“勇气”",https://img9.doubanio.com/view/subject/l/public/s29237648.jpg,2015-3-1,https://book.douban.com/subject/26369699/,8.6,4,速读一遍，对于这种对话体的表达方式，还是有一点不大习惯，核心是讲一个人的主观能动性。哲人认为一切问题的根源都来自于人际关系，可我怎么觉得是因为钱呢？曾经会因为别人一句话而去点痣，后来发觉对方根本不喜欢我，可我居然去在意这样一个人的言语了，其实有时候，想想自己的人生，无形中是由另外一个人推动着的，所谓的“变成了更好的人”根本就是伪命题，因为不同年龄段的评判标准不一样，人生终究没有办法调试啊,,2020-07-05 12:45:49
2391407968,你不知道的JavaScript（下卷）,[美] Kyle Simpson / 2018 / 人民邮电出版社,JavaScript这门语言简单易用，很容易上手，但其语言机制复杂微妙，即使是经验丰富的JavaScript开发人员，如果没有认真学习的话也无法真正理解。本套书直面当前JavaScript开发人员不求甚解的大趋势，深入理解语言内部的机制，全面介绍了JavaScript中常被人误解和忽视的重要知识点。本书是其下卷，主要介绍了JavaScript入门知识和对ES6及未来发展趋势的展望。,https://img9.doubanio.com/view/subject/l/public/s29656379.jpg,2018-1-1,https://book.douban.com/subject/27620408/,7.3,4,,"前端开发,JavaScript,编程,前端,技术,计算机",2020-05-20 23:07:29
2368246656,《生活就是做简单的事》,夏目漱石 北大路鲁山人 芥川龙之介 / 2019 / 天津人民出版社,"日本“国民大作家夏目漱石，文坛“鬼才”芥川龙之介，“无赖派三杰”太宰治、坂口安吾、织田作之助，“民艺大师”柳宗悦、“国宝级人物”北大路鲁山人、绘画界的“天才少女”上村松园以及著名的俳句诗人正冈子规……在他们的笔下，赏花、观灯、食鱼、品器，这些生活中最普通的事，他们用心对待，却成为生活中最美妙的事情，他们在这细碎的日常中发现了更美好的自我。
书中所描绘的种种风物，樱花、香鱼、雪洞灯，命薄如纸，却在仅有的生命中，迸发出绚烂的光芒。人生如寄，与其无力反抗，不如去努力发现生活中的隐微之美。
一杯酒可知冷暖，一朵花可知美恶，一树叶落可知万物生灭，生活中处处有美，只有对自然怀有坦诚之心的人，才是美的发现者。",https://img9.doubanio.com/view/subject/l/public/s30013915.jpg,2019-2,https://book.douban.com/subject/30471219/,7.5,4,日本文学读来有一种天然的幽静感，这种名家合集读来比单本要轻松许多，除开翻译和编辑上的不足以外，最大的收获当属正冈子规和崛辰雄，前者在《坂上之云》里因为有香川照之的演绎而印象颇深，万万想不到有一天会突然读到他写的散文。崛辰雄居然是芥川龙之介的弟子呢，感谢宫崎骏的《起风了》，让更多的人可以了解到他的生平……,"文学,日本文学,日本经典,随笔,芥川龙之介,夏目漱石,正冈子规",2020-05-02 14:34:13
1895903874,微服务设计,[英] Sam Newman / 2016 / 人民邮电出版社,本书全面介绍了微服务的建模、集成、测试、部署和监控，通过一个虚构的公司讲解了如何建立微服务架构。主要内容包括认识微服务在保证系统设计与组织目标统一上的重要性，学会把服务集成到已有系统中，采用递增手段拆分单块大型应用，通过持续集成部署微服务，等等。,https://img9.doubanio.com/view/subject/l/public/s28626997.jpg,2016-5,https://book.douban.com/subject/26772677/,8.1,4,,"微服务,软件架构,架构,软件工程,模式与架构,编程",2020-02-09 15:35:17
1921716448,单页Web应用,米可夫斯基 (Michael S. Mikowski) 鲍威尔 (Josh C. Powell) / 2014 / 人民邮电出版社,"《单页Web应用：JavaScript从前端到后端》是设计和构建大规模JavaScript单页Web应用(SPA)的宝贵指南，这些应用从前端到后端都使用JavaScript：浏览器端应用、Web服务器和数据库。
《单页Web应用：JavaScript从前端到后端》大约三分之二的内容专门讲解单页Web应用的客户端开发，先定义何为JavaScript单页应用，接着介绍书中使用的单页Web应用的架构，然后依次讲解Shell模块、功能模块、Model模块、Data模块和Fake模块等，其中还专门拿出一整章讲解开发单页Web应用时需要掌握的JavaScript概念和特性；剩下三分之一的内容讲解单页Web应用的服务器端开发和其他与单页Web应用相关的知识，如Node.js、MongoDB、CDN、搜索引擎优化、数据分析、错误日志以及各个层级的缓存等。本书最后的两个附录分别介绍JavaScript的编码规范和单页Web应用的测试。
《单页Web应用：JavaScript从前端到后端》适合Web开发人员、架构师和产品经理阅读，需要读者至少要有些JavaScript、HTML和CSS的开发经验。
专业书评：
“对好几代单页Web应用优化后的深刻见解。”
——摘自Gregory D. Benson撰写的序
“彻底、全面、系统。”
——Mark Ryall，ThoughtWorks公司
“即使你使用了框架，也有必要读一下这本书。”
——Ken Rimple，《Spring Roo in Action》作者
“我强烈推荐本书所展示的技术。”
——Jason Kaczor，SharePoint MVP
“非常棒的指南。”
——Mike Greenhalgh，NHS Wales",https://img9.doubanio.com/view/subject/l/public/s28011613.jpg,2014-9-1,https://book.douban.com/subject/25986284/,7.6,3,,"JavaScript,SPA,计算机,编程,Web前端,前端开发",2020-02-09 15:34:38
2121808849,人生护城河,张辉（@辉哥奇谭） / 2019 / 人民邮电出版社,“股神”巴菲特认为，判定任何特定公司是否具备竞争优势在于它是否拥有宽广的、可持续的“护城河”。围绕“城堡”挖掘的“护城河”将竞争者挡在“城外”，从而保证公司的利润。该理念同样适用于个人：人生就像一家公司，要想经营好这家公司，打造“护城河”，就要建立自己的核心优势。 本书通过以始为终、思行合一、高度透明、多点支撑四个理念以及基于这些理念所开展的实践阐述如何经营人生有限公司。以始为终是指要有终局思考力，学会站在未来看今天，从而找到 “对的事”，并坚持做一辈子。思行合一就是要明确支配自己行为的理念，继而不断地践行。高度透明是指要经常谈失败、谈焦虑、谈坎坷，勇于发现自己的不足，时刻与外界交换“能量”，从而提高自己。多点支撑就是要在追求财务自由和精神自由的路上多寻找其他支点，以使人生之路更加宽阔。 通过践行以上理念，我们可以建立自己真正的优势，获得个人成长的方法论和策略，进而打造“护城河”，掌控自己的人生。,https://img9.doubanio.com/view/subject/l/public/s33313187.jpg,2019-7,https://book.douban.com/subject/34451688/,7.8,4,,"个人成长,认知精进,方法论,思维,个人管理,自我管理,互联网,励志,管理",2020-02-02 12:59:58
2038840084,超市里的原始人,[美]杰弗里·米勒（Geoffrey Miller) / 2017 / 浙江人民出版社,"【新零售时代三部曲】之一
马云说：“纯电商时代过去了，未来十年是新零售的时代。”《超市里的原始人》《不可消失的门店》《屏幕上的聪明决策》——新零售时代三部曲，助你抓住消费升级带来的新机遇。
《超市里的原始人》是进化心理学应用在消费领域的颠覆性著作，行文幽默诙谐，观点独到精辟，是 一本在消费心理学方面具有启示性的大胆著作。
这本书阐明了混乱的消费主义背后看不见的逻辑，探索了隐藏在人们工作、购物、消费背后的本能，提出了一些让我们成为更快乐的消费者以及更负责任的公民的新方法。
	从普拉达到艾斯卡达，从MBA学位到宝马汽车，我们的生活越来越多地消耗在了消费上，市场营销人员却依然乐此不疲地试图用更多新鲜玩意儿诱惑我们。他们一直尝试去理解人们的购物习惯，但在大多数情况下，他们依赖的只是看似时髦新鲜，实则用完即弃的公式。直到进化心理学开始逐渐揭开人 类行为的史前根源，革新从经济学到人际关系等各个领域的思维方式。
	在《超市里的原始人》中，作者杰弗里·米勒将进化心理学这项革命性学科的原理应用到了市场营销和消费文化中，指出人们购买商品和服务，只是在不自觉地用其来炫耀自己作为配偶和朋友的生物潜力。他用幽默的笔触和尖锐的视角，解释了支配我们购买从汽车到口红，从电子游戏到图书和音乐等所有产品的一系列隐性因素，从中解读出我们因本性驱使而展现在其他人面前的关键特质，帮助我们认识到什么是人类最根本的消费动机。",https://img9.doubanio.com/view/subject/l/public/s29333062.jpg,2017-1,https://book.douban.com/subject/26938700/,7,3,并没有想象中那么好看，读起来实在是太无聊了，可能是因为我读不懂它……,"心理学,市场营销,商业,行为心理学,进化心理学,湛庐文化",2020-01-05 19:50:38
2075355276,JavaScript Web应用开发,[阿根廷] Nicolas Bevacqua / 2015 / 人民邮电出版社,本书是面向一线开发人员的一本实用教程，对最新的Web开发技术与程序进行了全面的梳理和总结，为JavaScript开发人员提供了改进Web开发质量和开发流程的最新技术。本书主要分两大块，首先是以构建为目标实现JavaScript驱动开发，其次介绍如何管理应用设计过程中的复杂度，包括模块化、MVC、异步代码流、测试以及API设计原则。,https://img9.doubanio.com/view/subject/l/public/s28315190.jpg,2015-9,https://book.douban.com/subject/26640060/,,4,朋友问我JavaScript有什么好读的，这本书对我而言，更多的是一种温故而知新，作用域、this、ES6、模块化、异步、Promise、MVC等等，每一个点展开来讲，都有很多有趣的内容，虽然MVVM比MVC更流行，可是看多了就会发现，用jQuery操作DOM是件多么愚蠢的事情……,"Web开发,计算机,JavaScript,前端,Web前端,异步编程,模块化,MVC",2019-12-14 00:15:26
2034450658,敦煌,井上靖 / 2014 / 北京十月文艺出版社,"莫高窟的浩繁经卷，究竟是谁为何埋下？
不留名姓的藏经人背后，还有多少未解之谜？
日本文学巨匠井上靖惊世之作，与《楼兰》同获每日艺术奖
---------------------------------------------------------------------------------------
宋仁宗天圣年间，书生赵行德进京赶考，因瞌睡错过了考试。他失魂落魄，四处游荡，偶然得到从未见过的西夏文布片。
西域的气息瞬间改变了赵行德的命运，也为后人留下了一段千年未解之谜。
---------------------------------------------------------------------------------------
无数观众从《敦煌》的故事中惊奇地注目中国西部，更有大批游人拿着井上靖的西域小说，走上去往敦煌的漫长征程。——铁凝
井上靖看到的古中国的模样，我无法转述给你，就像我无法说清什么是海市蜃楼。我只能指指这本书，请你去读。——鹦鹉史航
井上靖与川端康成、三岛由纪夫一样，都是巨匠级的大家。——朱天心",https://img9.doubanio.com/view/subject/l/public/s27164837.jpg,2014-1-1,https://book.douban.com/subject/25783325/,8.1,4,,"日本,小说,日本文学,文学,井上靖,历史,敦煌,历史小说,西域,外国文学,中国历史",2019-11-11 12:45:28
1984668634,人鼠之间,[美] 约翰·斯坦贝克（John Steinbeck） / 2016 / 上海文艺出版社,"英国BBC读者票选“英国人最喜爱的100部小说”之一
诺贝尔文学奖得主斯坦贝克关于承诺、孤独、希望和失去之书
——————
莱尼身高两米，力气大得吓人，但心智像个孩子。
乔治从小和他一起长大，是他唯一的朋友。乔治带着莱尼到处打零工糊口。莱尼单纯善良，可常常闯下大祸。莱尼每次闯祸，乔治就必须带着他逃亡，永无休止地流浪。
乔治和莱尼有一个卑微的梦，希望有一天可以存够钱买一小块地。他们可以在属于自己的小天地里种种菜，养鸡养猪，养莱尼最心爱的兔子。他们可以不必再流浪。
他们又流浪到一座农场。这一次，永无休止的流浪终于到了尽头，梦想也到了尽头。乔治终于帮莱尼找到一个地方。在那里，莱尼永远不会再闯祸，永远不会再受伤害，永远不需要再逃亡……
——————
•一部必读不朽经典，一堂关于友谊、希望和梦想的伟大人生课
•谋杀故事外衣下，天真与伤害的矛盾；残酷情节中，现实与梦想的乖违
•诺贝尔文学奖得主斯坦贝克代表作
•美国中学10部必读经典之首（其他为《麦田里的守望者》等），大多数美国人都读过的一部真正的文学经典
•英国、澳大利亚、加拿大、爱尔兰、爱尔兰众多高中必修课程
•英国BBC读者票选“英国人最喜爱的100部小说”之一
•全美图书馆馆员票选“100部最好看的小说”之一
•全美图书馆联合会“21世纪最具挑战之书”之一
•3000万册畅销奇迹铸就不朽经典
•5次被改编成影视剧，三次被改编成舞台剧，最新一版为詹姆斯•弗兰科主演
•《马利与我》《迷失》等百余部影视剧致敬本书
•斯蒂芬•金在其6部作品中致敬本书
•全球共有两百多种语言版本
•英国《卫报》人生100部必读书之一
•李家同最爱的40本书之一
•丹•布朗、马拉拉等盛赞推荐。丹•布朗：《人鼠之间》是我最爱的一本书。
•托福考试推荐文学读物
——————
名家推荐：
通过现实主义的、充满想象力的创作，表现出富有同情的幽默和对社会的敏感观察。
——诺贝尔文学奖授奖词
我一直在读约翰•斯坦贝克的《人鼠之间》，这是学校的课程。这本书很薄，但内容很充实。
——诺贝尔和平奖得主马拉拉
《人鼠之间》是我最爱的一本书，充满悬疑，描写精准犀利，飘散着淡淡的哀伤，每一章的开头都是小说书写的典范，感染力无与伦比。
──丹‧布朗
今晚很享受观看《人鼠之间》。
——Lady Gaga对詹姆斯•弗兰克主演《人鼠之间》舞台剧的评价
《人鼠之间》是我毕生最爱的一本书。
──维卡斯‧斯瓦鲁普（电影《贫民百万富翁》原著作者）
如此完美的一本书。
──尼克‧霍恩比（《失恋排行榜》《自杀俱乐部》作者）
我最喜欢的小长篇有《人鼠之间》《邮差总按两次铃》和《献给阿尔吉侬的花束》等。
——斯蒂芬•金
——————
媒体推荐：
一部惊悚小说，一个扣人心弦的故事……你不读到最后根本无法放下书。斯坦贝克让读者心如刀割。
——《纽约时报》
残忍和柔情完美地融合在这本异常感人的小说里……读者深陷在一场必将到来的悲剧中。
——《芝加哥论坛报》
一个充满力量和美丽的短故事。斯坦贝克先生为美国文学贡献了一部柔情与粗粝并蓄的现代经典。
——《泰晤士报文学副刊》",https://img9.doubanio.com/view/subject/l/public/s28336612.jpg,2016-1-1,https://book.douban.com/subject/26598807/,9,4,无论人与鼠，最好的打算往往落得一场空。——罗伯特·彭斯,"约翰·斯坦贝克,小说,美国,中短篇,美国文学,文学,斯坦贝克,经典,外国小说",2019-10-20 21:06:00
1984669902,人间便利店,[日] 村田沙耶香 / 2018 / 湖南文艺出版社·向上文学品牌,"‘’我一直在模仿着他们，只为努力扮演大众心目中的人。‘’
第155届芥川奖获奖作品
古仓惠子，三十六岁，至今未婚，大学毕业后没有就业，选择在便利店打工，一做就是十八年。来来去去惠子送走了很多店员，就连店长也换到了第八任。她每天吃便利店卖的便当，每天听着收银机发出的咔咔声，每天看着干净的店面，每天说着“欢迎光临”迎接顾客，每天过着这样平静的生活。惠子的家人、同事、朋友对此感到不可思议。只有惠子知道，一切都在变，只有一直不变的便利店才能给自己安慰。
突然一天，新同事宅男白羽闯入了自己的生活，“你这样活着也太奇怪了吧？”他说。惠子开始思考，难道自己的人生，是畸形的吗？",https://img9.doubanio.com/view/subject/l/public/s29725172.jpg,2018-4,https://book.douban.com/subject/28171580/,7.7,4,,,2019-10-06 17:01:39
1902829229,时间的秩序,[意] 卡洛·罗韦利 / 2019 / 湖南科学技术出版社,"为什么我们记得过去，而非未来？时间“流逝”意味着什么？是我们存在于时间之内，还是时间存在于我们之中？卡洛·罗韦利用诗意的文字，邀请我们思考这一亘古难题——时间的本质。
在我们的直觉里，时间是全宇宙统一的，稳定地从过去流向未来，可以用钟表度量。可罗韦利向我们揭示出一个奇怪 的宇宙，在这里，时间的特质一一坍塌，在最基本的层面上，时间消失了。他告诉我们，我们对时间流逝的感知，取决于我们的视角……
—
◆“让物理变得性感的男人，下一个史蒂芬·霍金”、意大利物理学家卡洛·罗韦利《七堂极简物理课》之后全新力作。
◆物理学与哲学的完美融合，在习以为常之处，探索世界的惊人真相，用诗意语言、前沿物理学理论探索时间的本质，颠覆我们的常识与直觉。
◆“奇异博士”本尼迪克特·康伯巴奇（卷福）倾情朗读，有声书获得英国国家图书奖。
◆《时代》《自然》《卫报》《新科学家》《纽约时报》等10余家媒体好评推荐。
◆精美装帧，相同开本，延续《七堂极简物理课》《现实不似你所见》《极简科学起源课》的唯美设计。",https://img9.doubanio.com/view/subject/l/public/s32332471.jpg,2019-6,https://book.douban.com/subject/33424487/,8.9,4,明明讲的是科学，为什么读起来想诗一样？,"记忆研究,物理,哲学,时间,卡洛·罗韦利,科普,社会学,科学,文化研究,卡洛罗韦利,科技",2019-10-05 15:01:17
1984633481,你不知道的JavaScript（上卷）,[美] Kyle Simpson / 2015 / 人民邮电出版社,"JavaScript语言有很多复杂的概念，但却用简单的方式体现出来（比如回调函数），因此，JavaScript开发者无需理解语言内部的原理，就能编写出功能全面的程序；就像收音机一样，你无需理解里面的管子和线圈都是做什么用的，只要会操作收音机上的按键，就可以收听你喜欢的节目。然而，JavaScript的这些复杂精妙的概念才是语言的精髓，即使是经验丰富的JavaScript开发者，如果没有认真学习也无法真正理解语言本身的特性。正是因为绝大多数人不求甚解，一遇到出乎意料的行为就认为是语言本身有缺陷，进而把相关的特性加入黑名单，久而久之就排除了这门语言的多样性，人为地使它变得不完整、不安全。
“你不知道的JavaScript”系列就是要让不求甚解的JavaScript开发者迎难而上，深入语言内部，弄清楚JavaScript每一个零部件的用途。本书介绍了该系列的两个主题：“作用域和闭包”以及“this和对象原型”。掌握了这些知识之后，无论什么技术、框架和流行词语，你都能轻松理解。",https://img9.doubanio.com/view/subject/l/public/s28033372.jpg,2015-4,https://book.douban.com/subject/26351021/,9.4,4,从JS的作用域聊到闭包，从this聊到上下文绑定(call/apply)，JavaScript果然是世界上最“奇怪”的语言，可一旦了解了原型、类、委托这些概念，会突然觉得这个语言还是动态比较好啊，一本非常不错的技术书籍……,"前端,Web前端开发,编程,Web,JavaScript,前端开发,Web前端,Web开发,闭包,原型,计算机",2019-10-05 14:39:16
1953786378,刷新,[美] 萨提亚·纳德拉 / 2018 / 中信出版社,"互联网时代的霸主微软，曾经错失了一系列的创新机会。但是在智能时代，这家科技公司上演了一次出人意料的“大象跳舞”。2017年，微软的市值已经超过6000亿美元，在科技公司中仅次于苹果和谷歌，高于亚马逊和脸谱 网。除了传统上微软一直占有竞争优势的软件领域，在云计算、人工智能等领域，微软也获得强大的竞争力。通过收购领英，微软还进入社交网络领域。
自萨提亚·纳德拉2014年接任首席执行官以来，微软的市值翻番，超过了互联网泡沫以来的高点。《刷新》全景回顾了萨提亚的变革路径，如在硬件Surface电脑上的投入，在混合现实、人工智能和量子计算三大领域的战略布局等；系统总结了他的核心管理思想，即任何组织和个人，达到某个临界点时，都需要自我刷新。为了迎接智能时代的挑战，他提出自我刷新的三个关键步骤：拥抱同理心，培养“无所不学”的求知欲，以及建立成长型思维。",https://img9.doubanio.com/view/subject/l/public/s29650738.jpg,2018-1,https://book.douban.com/subject/27614523/,7.5,4,这本书前半部分读起来有点像传记，不同于通常传记文学的写作视角，作者更像一个旁观者一般，着重刻画作者在微软不同时期的所见、所闻、所想，同样是聘请陆奇来做搜索业务，微软和百度两家公司的差距就显现出来，后半部分讨论的人工智能、公共信息安全与商业化，是比较有前瞻性的见解，虽然凯文·凯乐一早就说过，团队要互相信任是没错，可我们遭遇的常常都是“假敏捷”，这就不值得信任了啊……,,2019-09-16 19:19:14
1895904620,长安十二时辰 下,马伯庸 / 2017 / 湖南文艺出版社,唐天宝三年，元月十四日，长安。大唐皇都的居民不知道，上元节辉煌灯火亮起之时，等待他们的，将是场吞噬一切的劫难。突厥、狼卫、绑架、暗杀、烈焰、焚城，毁灭长安城的齿轮已经开始转动。而拯救长安的全部希望，只有一个即将被斩首的独眼死囚和短短的十二个时辰……,https://img9.doubanio.com/view/subject/l/public/s29205251.jpg,2017-1-1,https://book.douban.com/subject/26899538/,7.6,4,,"小说,悬疑,唐朝,推理,历史小说,马伯庸,历史,好书，值得一读",2019-08-08 01:43:08
1895904322,长安十二时辰 上,马伯庸 / 2017 / 湖南文艺出版社,唐天宝三年，元月十四日，长安。大唐皇都的居民不知道，上元节辉煌灯火亮起之时，等待他们的，将是场吞噬一切的劫难。突厥、狼卫、绑架、暗杀、烈焰、焚城，毁灭长安城的齿轮已经开始转动。而拯救长安的全部希望，只有一个即将被斩首的独眼死囚和短短的十二个时辰……,https://img9.doubanio.com/view/subject/l/public/s29247343.jpg,2017-1,https://book.douban.com/subject/26899537/,8.3,4,,"小说,马伯庸,悬疑,架空小说,唐朝,历史,长安十二时辰,好书，值得一读,历史小说",2019-08-08 01:42:48
1755917406,ASP.NET Core跨平台开发从入门到实战,张剑桥 / 2017 / 电子工业出版社,"《ASP.NET Core跨平台开发从入门到实战》深入浅出地介绍了ASP.NET Core 基础及实战方面的知识，主要有.NET Core 的基础知识及安装、dotnet 命令、ASP.NET Core 开发工具操作及使用、ASP.NET Core 原理和组件介绍、ASP.NET Core MVC 框架学习、ASP.NET Core Web API 学习和扩展Web API 输出格式，以及.NETCore 单元测试，最后以一个完整的项目结尾，并讲解了项目的发布和部署。
《ASP.NET Core跨平台开发从入门到实战》既适合初学者及有.Net 基础的开发者，也适合作为院校教材。",https://img9.doubanio.com/view/subject/l/public/s29428016.jpg,2017-5,https://book.douban.com/subject/27021797/,5.1,4,,,2019-05-18 13:19:39
1755132222,Git团队协作,[加] Emma Jane Hogbin Westby / 2017 / 人民邮电出版社,本书是一本软件团队协作指南，采用以人为本的方式讲解版本控制，强调如何利用Git促进团队协作。第一部分介绍如何创建一个优秀的团队、如何构建工作流等。第二部分从实践的角度学习Git命令。第三部分介绍如何在GitHub、Bitbucket和GitLab平台上托管项目。,https://img9.doubanio.com/view/subject/l/public/s29452262.jpg,2017-6,https://book.douban.com/subject/27046286/,7.3,4,,"Git,编程,互联网,开发,计算机,软件工程,团队协作,IT",2019-05-18 13:19:19
1755133799,Web API的设计与开发,[日] 水野贵明 / 2017 / 人民邮电出版社,本书结合丰富的实例，详细讲解了Web API的设计、开发与运维相关的知识。第1章介绍Web API的概要；第2章详述端点的设计与请求的形式；第3章介绍响应数据的设计；第4章介绍如何充分利用HTTP协议规范；第5章介绍如何开发方便更改设计的Web API；第6章介绍如何开发牢固的Web API。 本书不仅适合在工作中需要设计、开发或修改Web API的技术人员阅读，对想了解技术细节的产品经理、运维人员而言，也有一定的参考价值。,https://img9.doubanio.com/view/subject/l/public/s29460040.jpg,2017-6,https://book.douban.com/subject/27054104/,8.5,4,,"Web,服务端开发,计算机,技术类,软件开发,Web开发,程序设计,Web前端,技术",2019-05-18 13:19:04
1751626829,Learning TypeScript中文版,【西班牙】Remo H·Jansen / 2016 / 电子工业出版社,"《Learning TypeScript中文版》首先介绍了TypeScript 的基本语法和基本的自动化工作流配置方法，然后从面向对象入手，着重介绍了面向对象的概念和它的一些最佳实践，并结合例子讲解了如何基于TypeScript 的类型系统应用这些最佳实践。随后剖析了TypeScript 在编译后的运行时行为，并从性能与测试的角度讲解了如何编写健壮的TypeScript 代码，所以书中还包括了性能分析与测试相关的内容。最后介绍了如何使用TypeScript 结合面向对象、MVC 等概念，并配合本书前面提到的自动化的工作流、面向对象最佳实践、性能优化和测试等内容实现一个单页应用（SPA）框架，并用这个框架构建了一个单页应用。
《Learning TypeScript中文版》适合使用TypeScript 来构建大型Web 应用的开发人员。",https://img9.doubanio.com/view/subject/l/public/s29131125.jpg,2016-10-1,https://book.douban.com/subject/26906857/,6.1,4,最大的感受是，大致明白了所谓的前端路由的原理，模块化的选择多到让人奔溃，我还是没能明白，要怎么写一个在浏览器中可以用的库，里面讲解MV*从原理上是不错的，可相比目前主流的框架有差一点点，gulp和webpack的配置真心复杂啊，前端单元测试感受过一点点，可谓是路漫漫其修远兮吧……,"JavaScript,前端开发,TypeScript,前端,计算机,编程,Web前端",2019-04-13 21:27:11
1751615952,阿里巴巴Java开发手册,杨冠宝 / 2018 / 电子工业出版社,"《阿里巴巴Java开发手册》的愿景是码出高效，码出质量。它结合作者的开发经验和架构历程，提炼阿里巴巴集团技术团队的集体编程经验和软件设计智慧，浓缩成为立体的编程规范和最佳实践。众所周知，现代软件行业的高速发展对开发者的综合素质要求越来越高，因为不仅是编程相关的知识点，其他维度的知识点也会影响软件的最终交付质量，比如，数据库的表结构和索引设计缺陷可能带来软件的架构缺陷或性能风险；单元测试的失位导致集成测试困难；没有鉴权的漏洞代码易被黑客攻击等。所以，本手册以开发者为中心视角，划分为编程规约、异常日志、单元测试、安全规约、MySQL数据库、工程结构、设计规约七个维度，每个条目下有相应的扩展解释和说明，正例和反例，全面、立体、形象地帮助到开发者的成长和团队代码规约文化的形成。
从严格意义上讲，《阿里巴巴Java开发手册》超越了Java语言本身，明确作为一名合格开发者应该具备的基本素质，因此本手册适合计算机相关行业的管理者和研发人员、高等院校的计算机专业师生、求职者等阅读，希望成为大家如良师益友般的工作手册、工具字典和床头书。",https://img9.doubanio.com/view/subject/l/public/s29640312.jpg,2018-1,https://book.douban.com/subject/27605355/,8.6,4,纯干货，非常薄的一本小册子。,"计算机,规范,技术,互联网,计算机科学,Java,编程,软件工程,阿里巴巴,软件开发,Programming",2019-04-13 21:19:21
1734308479,拖拉一点也无妨,[美] 约翰•佩里 / 2013 / 浙江大学出版社,"一本拖了15年才写成的小书
资深拖延者兼堂堂哲学家佩里教授，在这本风趣机智的小书中为拖延者翻了案。其实，大部分拖延者都不是一事无成的窝囊废，在逃避那些“本该做的事情”的同时，拖延者们还是卓有成效地完成了不少其他事情嘛。
在这本充满哲思的小书中，佩里慷慨地分享了他多年来得出的一套战“拖”心法。比如，拖延者可以利用自己的畏难心理，调整待办事项清单，办成不少不那么重要但也挺重要的事情，例如：第一项，学外语；第二项，翻修厨房；然后你就可以很骄傲地说，我做完了第三项，遛狗。
拖拖拉拉不是罪。最重要的是，佩里希望拖延者们能够不再从心理上“对抗”拖延，而是学会“接受”自己的做事习惯，并聪明地利用它。毕竟，沮丧和罪恶感只会加重我们拖延的欲望。
多年来，佩里一直有心要为《结构化拖延法》添加内容，不料积习难改。如今，沿着这篇短文的思路，同时拖着作业不改，论文不看，佩里终于为自己正了名——他确实写完了这本书，在首次提出该理论仅仅15年之后。",https://img9.doubanio.com/view/subject/l/public/s26840464.jpg,2013-7-1,https://book.douban.com/subject/24839553/,7.4,4,一句话就能说明白的事情，居然可以写一本书嘛？更神奇的是，一个下午就可以读完……,"拖延症患者,心理学,结构拖延法,结构化拖延法,时间管理,个人管理,自我管理,拖拉症,积极,心理",2019-03-30 15:27:10
1716599784,腾讯传,吴晓波 / 2017 / 浙江大学出版社,"腾讯官方唯一授权的权威传记
著名财经作家吴晓波倾力之作
当市值最高的中国互联网公司，遇上中国财经界最冷静的一双眼睛
读懂腾讯，读懂中国互联网
.
内容简介
本书全景式地记录了腾讯崛起的经历，并以互联网的视角重新诠释了中国在融入全球化进程中的曲折与独特性。
从1998年开始创业到成为世界级互联网巨头，腾讯以即时通信工具起步，逐渐进入社交网络、互动娱乐、网络媒体、电子商务等领域，在超高速发展的同时亦饱受争议，在“3Q大战”的激烈冲突之后又进一步走向开放……腾讯的发展路径，亦是中国互联网企业成长的缩影。我们可以看到，中国的互联网人在应用性迭代和对本国消费者的行为了解上，找到了自己的办法，并开始领跑全球。
读懂腾讯，读懂中国互联网。",https://img9.doubanio.com/view/subject/l/public/s29653026.jpg,2017-1-1,https://book.douban.com/subject/26929955/,7.8,4,以3Q大战作为分界点，此前的故事，是典型的“传记”写法，读起来令人感慨，从我们来到这个世界的那一天起，互联网就已经悄然影响着这个世界，短短二十年的时间里，每天都在发生着天翻地覆的变化，从QQ模仿OICQ再到马化腾几度想卖掉QQ，这只憨态可掬的企鹅实在是就给了我们太多记忆，你眼睁睁地看着时间不断向前，而又不能、不甘被落下，时间真是无情啊，及至微信成为移动互联网时代的“船票”，此时的写作风格就有点像“新闻”，感觉都是些老生常谈的内容，整体上可以打7.5分，读一读就当作是回忆了吧！,"商业,创业,吴晓波,传记,企业史,互联网,中国,社会,腾讯",2019-03-28 23:49:47
1677281794,亲密关系：通往灵魂的桥梁,[加]克里斯多福•孟 / 2015 / 湖南文艺出版社,"★国际演说家、生命教练和咨商师克里斯多福•孟经典作品。
★华语世界深具影响力身心灵作家张德芬翻译并全力推荐。
★本书让你掌握所有人际关系包括温暖浪漫的亲密关系的本质。
★持续十六年畅销经典、知见领袖最权威的亲密关系指导方案，美国、加拿大、日本、马来西亚、中国的数十万家庭受益。
这是少数我读过两遍以上的书，我知道我还会再读它，因为生活当中的问题总是层出不穷，而我们又是如此健忘，常常忘了智慧和宝训其实都在我们唾手可得之处。
希望阅读本书的读者都能够学习到亲密关系的真谛：当你出发去寻找真爱时，你就踏上了自我追寻的旅程。
——张德芬
这本书能提供给读者什么？
1.使您亲身感受并真正相信亲密关系的幸福开关就在自己手上：
子女，成为生命的老师
父母，成为力量的源头
人际，成为自我的镜子
2.使您亲身感受并初步掌握帮助身边人走出痛苦、赢回力量的基本工具：
如何洞察与消融情绪及情绪背后的原始信念
如何释放潜藏已久的不舒服
如何接受当前问题并转化为欣赏
走出受害、迫害与拯救的无休止循环
学会用“走过程”与欣赏迎回无条件的爱
连接直觉与内在的指引
——吴英慧",https://img9.doubanio.com/view/subject/l/public/s28045305.jpg,2015-4,https://book.douban.com/subject/26363229/,7.6,4,读完发觉好像找错了书？因为它和罗兰米勒那本名字看起来差不多，这本书读起来有点像案例分析，实际上它就是作者和妻子之间的各种故事，它有讲很多两个人如何沟通、相处的事情，作者的风格有点像破案，几乎在每一章结束后都会提示下一章打算讲什么，难道是因为印刷编辑的缘故？书里有好多精妙绝伦的语句，对人心理的描写，譬如回避型人格和依赖性人格，在面对伴侣时行为会有什么不同……但读到最后，就觉得越来越玄乎，共情这种简单的东西，被放大到深层次的灵魂上面去，即所谓的灵魂之爱？甚至讲两个人在一起为什么会吵架，毕竟我是看过《最完美离婚》的男人，但就像某句话所说，明白了所有道理，还不是一样过不好一生，人类真实的心理，真实的需求，永远都潜藏在争吵和痛苦中，保持理性真是件奢侈的事情啊……,"心理学,人际关系,沟通,心理,心灵与修养,爱情心理,两性,亲密关系,爱情",2019-02-15 22:33:46
1457363835,欧亨利短篇小说精选,欧·亨利 / 1996.10 / 沈阳出版社 百花洲文艺出版社,,https://img9.doubanio.com/view/subject/l/public/s2656247.jpg,1996.10,https://book.douban.com/subject/2141139/,9,5,果然，读完以后发现，还是《麦琪的礼物》和《最后一片常青藤叶》最好看，是因为它们作为教材中入选的文章，所以流传得更为广泛吗？个人以为是这两篇读起来，语言和故事方面更为精炼的原因，除此以外，讽刺迷信的人们的那篇读起来也不错，这本书还是拖拖拉拉的读完了呢……,"小说,短篇小说,欧亨利,美国,欧·亨利,美国文学,短篇,文学,经典,名著,外国文学",2019-01-20 11:06:08
1590081178,宫崎骏和他的世界,[日]山川贤一 / 2016 / 中信出版社,举世闻名的日本动画导演，宫崎骏。他曾在东映动画工作，并亲手打造出众多优秀的动画片与动画电影。本书将彻底剖析宫崎骏作品的主题、角色、时代背景、思想与人生哲学。手塚治虫、高畑勋、德间康快对他产生了怎样的影响？他在创作时使用了怎样的技术？吉卜力的文化圈有着怎样的特征？动画作品中的科学、兵器与魔法有怎样的奥秘？本书将为您一一解读。此外还收录了精通宫崎骏作品的评论家的倾情点评，以及宫崎骏钟爱的漫画家黑田硫黄的访谈。,https://img9.doubanio.com/view/subject/l/public/s28361971.jpg,2016-1,https://book.douban.com/subject/26628827/,6.4,4,帮助了解宫崎骏、吉卜力与动画电影背后的故事，相当有意思的一部科普。,"人物,电影,动画,传记,宫崎骏,日本,童心,艺术,文化",2019-01-15 08:21:12
1620624679,世界上美味的事太多,张佳玮 / 2018 / 重庆社 华章同人,"【内容简介】
《世界上美味的事太多》是旅法青年作家张佳玮最新一部关于美食、旅行地、器物的趣味典故、途经之地的风土人情等的文化随笔集。2012年，张佳玮携女友留学法国，6年间，他们的足迹遍及欧亚大陆，法国、德国、西班牙、葡萄牙、意大利、荷兰、日本等地，都留下过他们的身影。他会因为对某种美食的执着，去探访某个城市角落看起来不去演的老店。他会因为读书读到某个传奇故事，说走就走就去探寻传奇背后的秘密；每到一个地方，他会将看过的风景、听过的传奇、读到的故事、写进文章里，他们探访、寻觅收纳一切美好的事物，写下这本《世界上美味的事太多》，他在书中说，“大概自己做主的人生，就是这个样子。”“自由并不完美，也无法顶饱，但它令一切可能性熠熠生辉。”
【编辑推荐】
1.天下至味，暖老温贫，途经之地，活色鲜香。跟治愈系文艺暖暖张佳玮，探访、寻觅、收藏世间一切美好事物。
2 .网络上都叫张佳玮“张公子”，大家都这么叫，叫得很顺溜。这一方面是因为“张公子”的谐音“涨工资”寄托了大家的美好期冀，另一方面是因为，张佳玮的文章，具有一种“公子”的气质，策马扬鞭，才华横溢，风流倜傥。《世界上美味的事太多》是张公子留法期间写下的行旅笔记，内容涵盖美食、名胜、器物、典故等，有趣，有料，有行遍欧亚大陆探寻到的关于某个城市、某种食物、某个作家、某个画家的逸闻旧迹，有恰到好处的掉书袋，有庸常凡尘的食色醉心，读来令人涨知识，开眼界。
3在豆瓣、知乎、虎扑、天涯妙笔生花的张佳玮，与对世界和对生活保有好奇与热爱的年轻人分享人生体验：我们极容易厌倦的日常里，其实有着一个诗意栖居的世界。",https://img9.doubanio.com/view/subject/l/public/s29787638.jpg,2018-6,https://book.douban.com/subject/30242589/,7.4,4,世界上美味的事太多，而公子这本书里，美味的故事同样不少，这本书读完，能对各国各地的饮食文化，有一点粗浅的了解，公子的博学多才真令人钦佩，读的过程中无处不在的知识点啊，相当有趣的一本书，有时间可以再读一读……,"暖心,美食,随笔,吃货,张佳玮,文艺,随笔集,感悟,散文集,中国文学,好书，值得一读",2019-01-09 22:49:17
1613032080,国境以南 太阳以西,[日] 村上春树 / 2001 / 上海译文出版社,37岁的男主人公，在东京市区拥有两家兴旺的酒吧，还有娇美的妻子，可爱的女儿，他是一位真正的成功人士。但是，他的内心还是感到饥饿干渴，事业和家庭都填补不了，而让他那缺憾的部分充盈起来的，是他小学时的女友岛本。岛本不愿吐露自己的经历、身份、只希望他就这样接受眼前的自己，只把她当成小学时那个爱古典乐的女孩。然而，就在他接受了这不可能接受的条件时，两人却在箱根别墅度过了销魂的一夜。翌晨，她一去杳然、再无踪迹可寻了。,https://img9.doubanio.com/view/subject/l/public/s2333463.jpg,2001-8,https://book.douban.com/subject/1015452/,8.3,4,果然，是得不到的永远在骚动。我个人以为，后来的岛本是完全不存在的，完全是男主一厢情愿的幻想，话说起来，我喜欢过的那些人啊，有的早都嫁做人妻了……,"村上春樹,太阳以西,国境以南,日本文学,日本,文学,外国文学,村上春树,村上,日本小说",2019-01-08 22:38:40
1608033844,罗曼蒂克消亡史,程耳 / 2016 / 江西人民出版社,"《罗曼蒂克消亡史》是导演程耳的首部短篇小说集，将于2016年12月16日与导演的同名大电影《罗曼蒂克消亡史》同步上市。
书中收录了程耳作品《罗曼蒂克消亡史》《人鱼》《鸡》《童子鸡》《第三个X君》《女演员》《皮囊的诗篇》等，共7个短篇。大部分内容与电影无关，更多是程耳在导戏之外的另一种表达。
小说大致述说的，是导演自己的见闻，有朋友的、教授的、小姐的、女演员的，多是隐在平淡生活中的秘密，藏了难以道尽的辛酸和喜悦。程耳以导演特有的镜头感，将一个个故事娓娓讲出，读来曲径通幽，回味无穷。",https://img9.doubanio.com/view/subject/l/public/s33542966.jpg,2016-12-15,https://book.douban.com/subject/26931507/,7.4,4,原来我以为电影看不懂，现在发现小说一样看不懂啊……,"程耳,短篇小说,中国当代文学,短篇集,电影,中国文学,文学,小说",2019-01-02 22:11:07
1607993786,世界与你无关,丁丁张 / 2014 / 中信出版社,"《世界与你无关》是十万字写给世界的狠话，也是六十个和你有关的片段及观点。
故事是你们的，道理是大家的，并早已存在。丁丁张负责将它们收集起来，变成了这本书。书中所探讨的无非还是那些破事儿，却也关乎如何在爱里过得更好，如何失去也不难看，如何在真相中慢慢长大，重要的是，我们如何直面并解决人生的难处。
当你失恋时，无人爱时，翻翻看——你都这么惨了，这些故事更惨，让你笑笑。感知世界，听老情歌，探寻爱和生活的难处解决之道，看贱人们受伤犯错又重新好起来，人生如此，其实我们都一样，从不普通，又那么平凡。
1.《世界与你无关》是十万字甩给世界的狠话，却也乐观：
*不是你最倒霉
*自己才值得深爱
*很多时候无能为力是正常
*蠢货不需要安慰
*不快乐者都是活该
*没有价值观的人无需同情
*情绪需要管理的
*情感没有方法只有接受
2.《世界与你无关》是60个你们的片段和观点，但道理是大家的，并早已存在：
【在爱里过得更好】：爱自己，相信自己，不通过别人来证明这些，这就是破解不被深爱魔咒的方法。
【失去也不能难看】：若遭逢创伤，请一饮而尽。
【世界哪有工夫理你】：世界这么大，管好自己的这部分，就是管好了世界的某一部分。
【在真相里慢慢长大】：爱转化成了大爱，恨转化为理解，看法则随着时间发生逆转。
【蠢货不需要安慰】：对爱情最大的幻想，也不过是，对不爱自己的人仍然保持着热情。
【谈性也不再尴尬】：爱产生性，让性更美好，并与众不同。
【致你们】：只需将自己调节到最好的方向，至于遇到什么，大可不抱太大的期望。",https://img9.doubanio.com/view/subject/l/public/s27245851.jpg,2014-4,https://book.douban.com/subject/25847224/,6.7,4,“世界是自己的，与他人无关”。我原以为，这本书会和这句话有什么关联，事实证明，我确实想多了，又一本矫情的书啊，感觉又浪费了生命……,"心灵耳光,丁丁张,散文,杂文思想,世界与你无关,随笔,情感",2019-01-02 21:55:30
1524243354,愿有勇气去热爱,青音 / 2017 / 湖南文艺出版社,"从4亿听众金话筒到估值数亿的创业女CEO青音疗愈作品集。
漫漫长夜中有一个声音，一段文字，点燃你对生活的热爱。当你有一天不再被这个世界给的标签所定义，而是被自己内心里的热情和热爱所定义的时候，你就自由了。",https://img9.doubanio.com/view/subject/l/public/s29494449.jpg,2017-8-1,https://book.douban.com/subject/27088311/,8.7,4,一股浓浓的鸡汤味和公众号文风😂,"鸡汤,随笔,暖心,治愈",2018-11-18 15:58:40
1424314556,斯坦福极简经济学,[美] 蒂莫西‧泰勒 / 2015 / 湖南人民出版社,泰勒教授从36个经济学关键名词入手，用生活实例引入经济学观念原理，概念清晰，即使没有经济学基础，也能习得经济学思维方式，帮助我们理解经济世界的真实运作规则，更好地权衡利益得失，学会快速做出正确的经济决策！你不必是经济学家，也可以更成熟地参与经济！,https://img9.doubanio.com/view/subject/l/public/s29175425.jpg,2015-2,https://book.douban.com/subject/26314063/,7.9,4,断断续续地拖了一个月，算是读完了吧，还好这本书，大体上就是由宏观经济和微观经济两部分组成，而且主要篇幅都在宏观经济学，我喜欢每一章结束后的小结啊，我需要再读一遍吗？嗯，需要！,"经济学,经济学入门,经济学科普书,科普,金融,实用,经管",2018-09-08 22:43:59
1445564036,偷影子的人,(法)马克·李维 / 2012 / 湖南文艺出版社,"一个老是受班上同学欺负的瘦弱小男孩，因为拥有一种特殊能力而强大：他能“偷别人的影子”，因而能看见他人心事，听见人们心中不愿意说出口的秘密。他开始成为需要帮助者的心灵伙伴，为每个偷来的影子找到点亮生命的小小光芒。
某年灿烂的夏天，他在海边邂逅了一位又聋又哑的女孩。他该如何用自己的能力帮助她？他将如何信守与她共许的承诺？
一段缠绵多年的爱恋，一段进行中的不完美爱情，一部令整个法国为之动容的温情疗愈小说。
《偷影子的人》是马克•李维的第10部作品，该书在法国首印45万册，位列全年销量排行榜的总冠军，法国媒体惊叹：“销售得比影子消失的速度还快！”这部作品完美展现了马克•李维温柔风趣的写作风格，有催人泪下的亲情、浪漫感人的爱情和不离不弃的友情，清新浪漫的气息和温柔感人的故事相互交织，带给读者笑中带泪的阅读感受，是一部唤醒童年回忆和内心梦想的温情疗愈小说。",https://img9.doubanio.com/view/subject/l/public/s10339418.jpg,2012-6-20,https://book.douban.com/subject/10763902/,7.7,4,『我只是你生活里的一个影子，你却在我的生命里占有重要地位。如果我只是个单纯的过客，为何要让我闯入你的生活？我千百次想过要离开你，但仅凭一己之力我做不到』。如此细腻的描写，实在是太适合我这样敏感的人，如果我的影子会说话，我一定是最先被他说服的那个人……,"温情,治愈,马克李维,法国,外国文学,小说,成长,文学",2018-08-29 19:56:49
1440107284,那些古怪又让人忧心的问题,兰道尔·门罗 / 2015 / 北京联合出版公司,"「未读•探索家」重磅推出，2015年最有趣的书!
再荒诞的问题都可能有一个科学答案！
牛排从多高的地方掉下来正好能烤熟？
哭多了会脱水吗？
如果把一辈子亲吻所用的力气用在一个亲吻，会产生多大引力？
全人类搬离地球需要几步？
所有好奇心都值得被满足
2014年全美最畅销趣味科普书：美国亚马逊畅销书榜NO.1持续2周，入选2014年度最佳图书，上市后横扫《纽约时报》《出版人周刊》《华尔街时报》等各大图书榜，迄今稳居各大排行榜前列！
天才作者，前NASA员工、网络最火科普专栏What If合集：作者曾在NASA制造机器人，后来成为科普漫画家，玩转物理、天文、生物、化学、数学各学科知识，轻松接招粉丝们提出的脑洞大开的问题，配上xkcd风格的火柴人漫画，幽默机智的答案让人拍案叫绝！
国内外人气爆棚，粉丝众多：国外诸多一线媒体、TED演讲人、天文学家、科普作家联手点赞。国内果壳网、译言网持续2年自发翻译连载百余篇，粉丝众多，在中国年轻读者中具有极高人气。
让科学流行起来：机智问答+幽默漫画，全书超过1/3内容首次发表，不怕你敢问，只怕你脑洞不够大！
本书是前NASA员工、超热门科普漫画“xkcd”作家兰德尔•门罗的新作，内容来自他的“What If”科学问答专栏，辅以“xkcd”经典火柴人漫画，轻松幽默地将各学科知识跃然纸上。
如果人体内的DNA瞬间消失了会怎样？如果把海水抽干会怎样？如果地球膨胀得像太阳一样大会怎样？牛排从多高的地方掉下来正好烤熟？全人类搬离地球需要几步？这不是中规中矩的《十万个为什么》，而是脑洞大开的科学真相，小时候萌生的异想天开，都可以在这本书里找到最机智幽默的科学答案！",https://img9.doubanio.com/view/subject/l/public/s28051567.jpg,2015-5,https://book.douban.com/subject/26364209/,8,4,当脑洞遇上科学，会发生奇妙的化学反应，在书店里花一个下午就可以读完，非常有趣的一本书，推荐！,"思维,兰道尔·门罗,科普类,科学,趣味,科普,美国,xkcd",2018-08-17 21:14:25
1413750458,为什么精英都是时间控,[日] 桦泽紫苑 / 2018 / 湖南文艺出版社,"精英都在践行的高效时间管理术
作者曾是差点被精神压力打垮、被工作“忙杀”的神经科医生，在决心改变自己的生活方式后，发现了将大脑机能发挥到极致的时间管理术，实现了一天之中完成4个人才能完成的工作，还拥有一般人2倍以上的自由时间。
书中分享的时间管理术并不仅仅是作者个人的成功经验，而是加入了新近的脑科学和心理学知识，作者用两年时间将自己的时间管理方法体系化，形成了他的“神之时间管理术”。
	工作的种类分为“专注性工作”和“非专注性工作”，要以“专注力”为中心分配时间。专注力（工作效率）×时间=工作量。
	按照大脑的节奏进行“冲浪”的工作方法，要遵循“15?45?90法则”和杂念排除法，并运用时间限制工作术，可极大限度地发挥大脑机能，提升工作效率。
	以投资的思维方式来拆解“创造时间的工作术”：严守ASAP工作术，可以同时获得“信任”和“财富”；“趁现在”工作术则要求把暂时无法决断的事情判断为“未决”，留给日后做决断。
将大脑的机能极大限度地激发出来的时间管理术，不只提升工作效率，更能为自己创造出更多的自由时间。",https://img9.doubanio.com/view/subject/l/public/s29733031.jpg,2018-3,https://book.douban.com/subject/30188003/,7.8,5,这本书读起来实在是太快了😑，印象深刻的地方，是作者借《 007》系列电影讲“90分钟理论”，即一个人的有效时间最长为90分钟，这解释了为什么我们的课堂一般都是45分钟，作者是一个关注时间管理的医生，道理我都懂，可有时候臣妾做不到啊 _(:з」∠)_,"方法论,时间管理,效率管理类,自我管理,时间,番茄时间,日本,个人管理",2018-08-13 12:56:38
1413824284,必然,凯文·凯利 (Kevin Kelly) / 2016 / 电子工业出版社,"《必然》的作者凯文·凯利，被称为“硅谷精神之父”和“世界互联网教父”。前两部《失控》和《科技想要什么》在中国出版后，引起巨大反响。书中凯文·凯利对十二种必然的科技力量加以详细的阐述，并描绘出未来三十年这些趋势如何形成合力指引我们前行的方向。
作者凯文·凯利基于过往从业经历和对未来趋势的敏锐观察对十二个关键词“形成”“知化”“流动”“屏读”“使用”“共享”“过滤”“重混”“互动”“追踪”“提问”“开始”一进行了深入浅出的论断，并结合现实生活中种种生动的案例，给我们指明了科技新物种不断变迁的12条道路。它们每一个都是一种正在发生的趋势。同时，生活中的种种迹象也表明这些趋势将持续至少三十年。
书中对未来的展望趣味十足，充满画面感，比如书中说道“未来，你的薪水高低将取决于你能否和机器人默契配合。90%的同事将会是看不到的机器，而没有它们，你的大部分工作将无法完成。”今天我们对未来充满无限期待，用天马行空的想象力描述它，但真正伟大的东西远远超出我们的想象。未来令人是难以置信的，但是，我们须相信那些不可能之事，我们尚处在开始的开始。在不远的将来，我们会向哪些方向前行，必然而然。
——亚马逊编辑简单的华丽
《必然》不是一本科技著作，也不单纯是一本思想著作，而是一个人倾尽心力为未来30年人类命运做的一次掐算。读过《失控》的人都知道，凯文·凯利说对了此前的30年。
你愿意相信他所猜想的后30年吗？
你的创业创新在不在未来的风口上？
你的职业规划在不在未来的潮流中？
你的行动会不会得到那个“新物种”的认可？
吹一句牛——率先看到这本书的读者，就是比其他人领先完成一次思想升级。",https://img9.doubanio.com/view/subject/l/public/s29402699.jpg,2016-1,https://book.douban.com/subject/26653673/,8.3,5,未来已来，只是尚未流行。其实，未来会是什么样子，永远没有人知道，可无论哪一种趋势，都注定不会单独存在，而是更加趋向于重混。人类或许真的会被机器替代，可更美好的可能是，未来属于那些可以和机器合作的人类，相比起刻意得隐藏自己，真正的平等和对称会让我们感到舒适。追求极端的最大化，导致我们对平凡的事物总是感到不满。我们不断地追踪自己，追踪别人，同时亦被这个世界所追踪。,"人工智能,未来,科技,凯文·凯利,趋势,科普,商业,互联网",2018-08-06 22:39:37
1426313255,从0到1,[美] 彼得·蒂尔 [美] 布莱克·马斯特斯 / 2015 / 中信出版社,"图书简介：
http://v.youku.com/v_show/id_XOTA0NjcyMzE2.html?wm=3333_2001
硅谷创投教父、PayPal创始人作品，斯坦福大学改变未来的一堂课，为世界创造价值的商业哲学。
在科技剧烈改变世界的今天，想要成功，你必须在一切发生之前研究结局。
你必须找到创新的独特方式，让未来不仅仅与众不同，而且更加美好。
从0到1，为自己创造无限的机会与价值！
Paypal创始人、Facebook第一位外部投资者彼得•蒂尔在本书中详细阐述了自己的创业历程与心得，包括如何避免竞争、如何进行垄断、如何发现新的市场。《从0到1》还将带你穿越哲学、历史、经济等多元领域，解读世界运行的脉络，分享商业与未来发展的逻辑，帮助你思考从0到1的秘密，在意想不到之处发现价值与机会。
揭开创新的秘密，进入彼得•蒂尔颠覆式的商业世界：
创新不是从1到N，而是从0到1
全球化并不全是进步
竞争扼杀创新
“产品会说话”是谎言
失败者才去竞争，创业者应当选择垄断
创业开局十分重要，“频繁试错”是错误的
没有科技公司可以仅靠品牌吃饭
初创公司要打造帮派文化",https://img9.doubanio.com/view/subject/l/public/s28299265.jpg,2015-1-1,https://book.douban.com/subject/26297606/,7.5,4,或许，成功的人们之所以成功，就是因为，他们可以把三言两句讲明白的东西，以一本书的体量讲出来，从商业社会的种种变化，到人类最终的走向，都在这本书里有所体现，创新有时候是必要的，而这本书可以当科普来读一读，每个人都是多面性的，这是否可以作为我们曲解一样东西的理由？,"经管,经济学,创业,商业,管理,互联网,流行财经读物,计算机,创新",2018-08-04 16:46:27
1424301916,橘子不是唯一的水果,[英] 珍妮特·温特森 / 2010 / 新星出版社,"1985年惠特布莱德奖获奖作品
英国英语系学生必读的经典读物
入选《卫报》死前必读的1000本小说
改编成BBC热门剧集，荣获戛纳最佳剧本等多项大奖
讲述每个人都会有的爱、悲伤和愤怒
一部温暖、机智、有趣的成长小说
张悦然作序推荐  《鲤》杂志首次参与策划
————————————————————
二十年来我读到的最有意思的作家。
——戈尔•维达尔（美国作家）
珍妮特•温特森是这类题材的大师，一个极具天赋的作家。
——穆里尔•斯帕克（英国作家）
她不会装腔作势，只想坦诚地书写她想写的，我认为这很有启发性。
——萨拉•沃特斯（英国作家）
《橘子不是唯一的水果》无疑是温特森小说世界的入口，故事从这里开始。而所有的故事，其实也都在这里了。与她的其他小说一样，这是本聪明而有趣的小说。
——张悦然（作家）",https://img9.doubanio.com/view/subject/l/public/s4392841.jpg,2010-7,https://book.douban.com/subject/4882159/,7.6,4,人生悲喜交替，无止无尽，爱和死一样强大。橘子不是唯一的水果，可上帝又在哪里？,"珍妮特·温森特,英国,小说,英国文学,JeanetteWinterson,文学",2018-08-02 13:21:55
1391421642,人生十论,钱穆 / 2009 / 生活·读书·新知三联书店,本书汇集了作者讨论人生问题的三次讲演，一为“人生十论”，一为“人生三步骤”，一为“中国人生哲学”。作者从中国传统文化入手，征诸当今潮流风气，探论“心”、“我”、“自由”、“命”、“道”等终极问题，而不离人生日常态度，启发读者追溯本民族文化传统的根源，思考中国人在现代社会安身立命的根本。,https://img9.doubanio.com/view/subject/l/public/s4065722.jpg,2009-9,https://book.douban.com/subject/3722967/,8.2,4,读一遍是读不懂的，或许一辈子都不会懂，找时间再读一遍吧,"钱穆,哲学,文化,人生,思考",2018-07-27 09:31:36
1389511951,最初的爱情 最后的仪式,[英] 伊恩·麦克尤恩 / 2010 / 南京大学出版社,"全书由八个短篇组成，分别从八个位于童年、青春期和青年等不同阶段的男性视角出发，以意识和潜意识交接地带的经验为揭示对象，有时荒唐，有时伤感，有时温柔，有时骇人，有时魔幻，却都无限接近真实，接近每个人的内心。
麦克尤恩素来擅长以冷静细腻的笔触打磨幽暗题材，赋予其精妙无双的质感。八个故事各如黑晶棱镜之一面，折射出日常生活中平凡人性所可能误陷的种种魔怔与梦魇。平地与深渊，生与死，真实与玄幻，伦常与变态之间的界限恍若蛛丝般轻薄，看后令人或怅然或倒吸凉气，同时又觉得其魔力不可抗拒。
以如此短薄篇幅，麦克尤恩却惊才遽现，征服了文坛。所录每一篇都可谓杰作，令人过目难忘。此书是阅读和了解这位天才作家的最佳切入点。
《最初的爱情，最后的仪式》是麦克尤恩的处女作与成名作。",https://img9.doubanio.com/view/subject/l/public/s3979661.jpg,2010-2,https://book.douban.com/subject/4011440/,8,3,请不要被这个小清新的封面和标题所欺骗啊,"伊恩·麦克尤恩,小说,最初的爱情，最后的仪式",2018-07-27 09:28:21
1413804340,大数据,涂子沛 / 2012 / 广西师范大学出版社,"公布官员财产美国是怎么做的，美国能让少部人腐败起来吗，美国式上访是怎么回事，凭什么美国矿难那么少，全民医改美国做得到吗，美国总统大选有什么利器才能赢，下一轮全球洗牌我们世界工厂会被淘汰吗……
除了上帝，任何人都必须用数据来说话。
大数据浪潮，汹涌来袭，与互联网的发明一样，这绝不仅仅是信息技术领域的革命，更是在全球范围启动透明政府、加速企业创新、引领社会变革的利器。现代管理学之父德鲁克有言，预测未来最好的方法，就是去创造未来。而“大数据战略”，则是当下领航全球的先机。
大数据，这一世界大潮的来龙去脉如何？数据技术变革，何以能推动政府信息公开、透明和社会公正？何以促发行政管理和商业管理革新，并创造无限商机？又何以既便利又危及我们每个人的生活？Google、百度之类搜索服务，何以会不再有立足之地？引领世界的数据帝国——美国和西欧，正在如何应对大数据时代？我们中国，又当如何作为？
本书通过讲述美国半个多世纪信息开放、技术创新的历史，以别开生面的经典案例——奥巴马建设“前所未有的开放政府”的雄心、公共财政透明的曲折、《数据质量法》背后的隐情、全民医改法案的波澜、统一身份证的百年纠结、街头警察的创新传奇、美国矿难的悲情历史、商务智能的前世今生、数据开放运动的全球兴起，以及云计算、Facebook和推特等社交媒体、Web3.0与下一代互联网的未来图景等等，为您一一细解，数据创新给公民、政府、社会带来的种种挑战和变革。
美国是全书主体，但又处处反观中国当下的现实。回望中国，胡适批评“差不多先生”，黄仁宇求索“数目字管理”，作者从太平洋对面看到中美两国的差距，深知中国缺少什么、需要什么，故将十多年观察、思索所得，淘洗成这一本书。
史学大家、匹兹堡大学历史系荣誉讲座教授许倬云，有感于“老大哥”的影子，专门作序：“我们要对涂子沛先生致敬与致谢，因为他为华文世界提出一个重要的话题。”
哈佛大学商学院访问教授、全球顶尖的管理咨询大师达文波特，为中国政经两界提示智库建言：“无论是对中国政府，还是就中国的商业组织而言，《大数据》都是一本重要的书。”",https://img9.doubanio.com/view/subject/l/public/s10394161.jpg,2012-7-1,https://book.douban.com/subject/10799984/,7.4,3,其实，这是一本面向美国社会的大数据科普读物，主要讲大数据在美国的发展，从实用性角度来看，对大数据的理解并不是非常深入，可以作为一般科普读物看看咯。,"大数据,社会学,经济,数据,涂子沛,社会",2018-07-22 15:27:22
1387243375,文案训练手册,约瑟夫·休格曼 / 2015 / 中信出版社,,https://img9.doubanio.com/view/subject/l/public/s29343272.jpg,2015-7-1,https://book.douban.com/subject/26437067/,7.5,3,无论何时，人的本质不变，共鸣的核心不变，表达的原则不变，只是在阅读愈加碎片化的今天，我们有时候反而搞不清楚自己到底喜欢什么，就这样被一个时代推动者去接受某种道理，或许这就是那些爆款文案成功的真正原因，它不在乎自己到底想表达什么，它只是帮人们说出他们想说的话，找到了情感的宣泄点，是否就找到了真相？,"文案,文案写作,营销,写作,传播学,运营",2018-07-16 18:25:26
1374903105,皮囊,蔡崇达 / 2014 / 天津人民出版社,"一部有着小说阅读质感的散文集，也是一本“认心又认人”的书。
作者蔡崇达，本着对故乡亲人的情感，用一种客观、细致、冷静的方式，讲述了一系列刻在骨肉间故事。一个福建渔业小镇上的风土人情和时代变迁，在这些温情而又残酷的故事中一一体现。用《皮囊》这个具有指向本质意味的书名，来 表达作者对父母、家乡的缅怀，对朋友命运的关切，同时也回答那些我们始终要回答的问题。
书中收录有《皮囊》《母亲的房子》《残疾》《重症病房里的圣诞节》《我的神明朋友》《张美丽》《阿小和阿小》《天才文展》《厚朴》《海是藏不住的》《愿每个城市都不被阉割》《我们始终要回答的问题》《回家》《火车伊要开往叨位》等14篇作品。
其中《皮囊》一文中的阿太，一位99岁的老太太，没文化，是个神婆。她却教给作者具有启示力量的生活态度：“肉体是拿来用的，不是拿来伺候的。”
《母亲的房子》里，母亲想要建一座房子，一座四楼的房子，因为“这附近没有人建到四楼，我们建到了，就真的站起来了”。为了房子，她做苦工，捡菜叶，拒绝所有人的同情，哪怕明知这座房子不久后会被拆毁，只是为了“这一辈子，都有家可归”。
而《残疾》里的父亲，他离家、归来，他病了，他挣扎着，全力争取尊严，然后失败，退生为孩童，最后离去。父亲被照亮了。被怀着厌弃、爱、不忍和怜惜和挂念，艰难地照亮。就在这个过程中，作者长大成人。自70后起，在文学书写中，父亲形象就失踪了。而蔡崇达的书里，这个形象重新出现了。
这部特别的“新人新作”，由韩寒监制，上市之初即广受好评。莫言、白岩松、阿来、阎连科等评价为当下写作中的一个惊喜。或许《皮囊》真是新生的＂非虚构＂写作林地里，兀自展现的一片完全与众不同、可读可思、独具样貌的林木。",https://img9.doubanio.com/view/subject/l/public/s27943411.jpg,2014-12-1,https://book.douban.com/subject/26278687/,7.5,4,可能这个时代的人多少有点矫情，非煽动情绪的文字不看，非宣扬观点的文字不看……等到了这一本书，近乎白开水一般的平淡叙事，没有任何刻意引导的观点，就是一个又一个不同的故事，这些故事里的悲观各不相同，读者的体会或许是相近的，大概岁月是个神偷，你偷走了一切可以偷的东西，还是换不回当初的你，以及当初的她……,"成长,散文,随笔,小说,皮囊",2018-07-13 09:08:45
1402082426,时间简史(普及版),史蒂芬·霍金 列纳德·蒙洛迪诺 / 2006 / 湖南科学技术出版社,"《时间简史》(普及版)是一本探索时间本质和宇宙最前沿的通俗读物，是一本当代有关宇宙科学思想最重要的经典著作，它改变了人类对宇宙的观念。史蒂芬·霍金这本畅销世界的《时间简史》已成为科学著述的里程碑。这不仅归因于作者迷人的表达方式，还归因于他讨论的令人敬畏的主题：空间和时间的本性，上帝在创生中的作用，宇宙的历史和将来。但是，在它问世后的岁月里，有些读者一直不断地向霍金教授诉说，该书某些最重要的概念理解起来非常困难。
这就是写作《时间简史》(普及版)的缘起和理由：作者希望读者更容易接受它的内容——同时还纳入最新的科学观测和发现。
虽然本书在篇幅上的确是“更简明”些，但它实际上却扩大了原书伟大的论题。删除了纯粹技术性的概念，诸如混沌的边界条件的数学等等。相反，包括相对论、弯曲空间以及量子论的课题，它们虽然具有无穷的趣味，但却由于散布于原书而很难理解，现在则各自分章论述。在重新组织《时间简史》(普及版)之际，作者得以扩展特别有兴趣的领域并收入最新的进展，从弦论的最新发展，到寻求物理学中各种力的完备统一理论令人神往的进展。如同本书早先的版本——甚至有过之而无不及——在寻找时间和空间核心可望而不可及的秘密这一未竞之业中，《时间简史》(普及版)将引导世界各地的普通读者。
37幅色彩缤纷的插图为文字增辉，使《时间简史》(普及版)令人振奋地傲然屹立于科学文献之林。",https://img9.doubanio.com/view/subject/l/public/s1534820.jpg,2006-1,https://book.douban.com/subject/1474050/,8.7,4,如果这是普及版，大概我的物理从来就没及格过，何况书里还是带有彩图的诶,"霍金,时间简史,物理,科学,科普,宇宙,时间",2018-07-08 15:47:51
1402080528,魔鬼经济学2,[美] 史蒂芬·列维特 [美] 史蒂芬·都伯纳 / 2016 / 中信出版社,"阿基米德曾经说过，如果能给他一个支点，他能把地球撬起。而现在，列维特和都伯纳的这本书，简直就可以把你的脑袋敲破。不信，你就试试。本书历经4年时间创作而面世，深入探讨了世间万物那鲜为人知的另一面，提出的问题不仅更具挑战性，而且更出人意料，它将再次挑战我们的传统思维方式：身体肥胖的女性和牙齿长得难看的女性薪水就低，这是为什么？在高中积极参加体育锻炼的女生再进入大学，毕业之后就能找到好工作？导致大多数男女薪水差异的主要原因在于：女性追求高薪的愿望不足？……
我们中的大部分人都会碰到无法解决的事情，或者即使解决了，又不能令自己满意！这是为什么？因为传统思维在作祟，像列维特和都伯纳一样换个思路吧，把传统思维彻底颠覆，你会发现原来麻烦重重的问题可以这样解决！
阅读本书，你会发现，跟随列维特和都伯纳荒诞不经的思维，来一次彻头彻尾的头脑风暴，将会是多么酣畅淋漓！",https://img9.doubanio.com/view/subject/l/public/s29017291.jpg,2016-9,https://book.douban.com/subject/26865149/,7.4,4,为什么感觉就是一本从“经济学”角度看待人类社会中的行为和心理的书籍呢？实则和经济学并没有太大的关联，作者所例举的这些故事，其实经不起逻辑上的推敲，可这个系列居然有三本书，貌似第一本是最好的诶……我很绝望怎么办,"科普,经济学,社会心理学,行为经济学,社会学/人类学,思维",2018-07-08 15:44:54
1401414693,看懂世界冲突的一本书,【日本】关真兴 / 2018 / 中国致公出版社,"为什么友邦会反目成仇？为什么有些国家彼此积怨已深？
德国vs法国、伊朗vs伊拉克、中国vs朝鲜vs日本、印度vs巴基斯坦、以色列vs阿拉伯……
掌握20组敌对国关系、看懂37张地图布局，复杂的全球局势瞬间理解。
远在天边的战火、冲突，和你我有什么关系？无论是民族对立、宗教战争、资源争夺还是国境纠纷，从过去发生的各种斗争，并未停止于历史之中，导致中东打不完、欧洲吵不休、美俄中之间的竞争未曾停歇，而这个从来就不平静的世界，对你我的影响，不仅是牵动着股汇市动荡、原物料涨跌，影响民生经济与荷包，更威胁到国土安全、政局变化，决定国家在国际间是否占有一席之地。
本书的特殊之处，在于以世界各洲的“敌对国”为组别，像同处欧洲的德法、同处亚洲中日韩，或是跨洲的中国与俄罗斯，以及貌合神离的英国（苏格兰、英格兰）与爱尔兰，从20组敌对国形成的前因后果，分析形成敌对状态的历史演进，大大拓展我们在历史、地理、种族、宗教、政治、外交的视野，了解敌对关系形成的脉络，更能深度理解现今世界的纷扰，培养更清晰的国际观，以及对现世的我们有何影响。
-----------------------------------------------------------------------------------------------
结合大量手绘地图，清晰直观地了解对立国领土争端与国际局势的变迁。
完整呈现世界主要国家之间的关系，让你在短时间内了解国与国之间的关系渊源；
深刻地揭示了“国家为什么会打起来”这个问题的答案，解释了国家之间冲突的根源；
内容精简、严谨，语言流畅通俗，是一本很好的世界史入门读物。",https://img9.doubanio.com/view/subject/l/public/s29721051.jpg,2018-4,https://book.douban.com/subject/30176496/,5.6,3,,,2018-07-07 17:07:29
1400249459,假如真有时光机,[日] 村上春树 / 2018 / 南海出版公司,"《假如真有时光机》是村上春树周游世界各地，写下的妙趣横生的随笔集。在遍布苔藓的冰岛，邂逅没有尾巴的羊和可爱的迷途之鸟；再访《挪威的森林》的起点希腊小岛，在日益繁杂的街上追溯遥远的记忆。在梅雨季节去熊本，拜访夏目漱石的故居……不论怎样的旅行都充满了惊喜与意外，诸多的挫折都化为无穷的乐趣。这才是所谓的旅行，抑或说人生的意义。
人生是一条单行线，假如真有时光机，你想实现什么愿望？从查尔斯河到湄公河畔，从雷克雅未克到托斯卡纳，我们跟随村上春树走遍七国十一地，仿佛乘上一台穿越现实的时光机，发现一个温暖有趣的世界。",https://img9.doubanio.com/view/subject/l/public/s29756103.jpg,2018-5-1,https://book.douban.com/subject/30177173/,7.9,4,村上的短篇比长篇有意思，而随笔比短篇更有意思，无数的梗令人目不暇接，不得不佩服作者学识之丰富，重要的是，可以坐在家里游览这些城市，适合我这样的穷人_(:з」∠)_,"日本文学,村上春树,旅行,随笔,游记",2018-07-05 19:26:45
1391421536,蓝筹孩子,[美] 戴维·W.比安奇 / 2018 / 中信出版社,"一本孩子和父母一起学习、认知的金融通识读本。
作为一个13岁孩子的父亲，作者看到一个令人沮丧的事实，他的儿子在学校没有学习任何关于金钱和投资的基础金融知识，于是他决定亲自教给孩子这项重要的人生技能。
书中通过生动真实的故事、切实可行的方法，以及简洁有趣的插画（出自17岁侄子之手），介绍了涉及金钱、储蓄与消费、信用卡、股票市场、股票买卖、期权、基金、债券、公司分析、借贷、税务、经济、私募与风投等热门的基础金融知识，让孩子从小就养成良好的储蓄和消费习惯，树立正确的金钱观和理财观。同时，父母也能在理财教育的过程中重新审视自己的各种理财行为，及时做出调整和修正。",https://img9.doubanio.com/view/subject/l/public/s29756005.jpg,2018-3-1,https://book.douban.com/subject/30190243/,7.8,4,虽然是一本写给孩子的理财书，可大人看来未尝不可以啊，一本相当不错的理财方面的科普书籍，个人觉得值得一看，推荐！,"理财,财商教育,理财教育,经济,儿童理财教育",2018-07-05 19:24:30
1360939939,树上的男爵,[意] 伊塔洛·卡尔维诺 / 2012 / 译林出版社,"在大陆，王小波、苏童、阿城、止庵是他的忠实粉丝
在台湾，朱天文，唐诺是卡尔维诺不余遗力的传播者
在香港，梁文道说他一直在准备谈卡尔维诺，可是一直没准备好
权威版本，全面修订2006年单行本译本，并增补卡尔维诺各作品自序、后记、注释等重要资料
知名设计师全新装帧，精装双封设计，书脊烫金，封面采用原创线条图，赋予每部作品文学个性
卡尔维诺 “我们的祖先”三部曲之一。“我们的祖先”三部曲包括：《不存在的骑士》《分成两半的子爵》《树上的男爵》，这三个故事代表通向自由的三个阶段，关于人如何实现自我的经验：在《不存在的骑士》中争取生存，在《分成两半的子爵》中追求不受社会摧残的完整人生，在《树上的男爵》中有一条通向完整的道路——这是通过对个人的自我抉择矢志不移的努力而达到的非个人主义的完整。
一次倔强的反抗，让科希莫从十二岁起就决定永不下树。从此，他一生都生活在树上，却将生命更紧密地与大地相连。是不是真的只有先与人疏离，才能最终与他们在一起？",https://img9.doubanio.com/view/subject/l/public/s8968135.jpg,2012-4-1,https://book.douban.com/subject/6789605/,9.1,5,昨天终于在Kindle上读完这本书，算是治好了最近一个月的拖延症，这本书如果沉下心来读还是蛮有趣的。如果有人告诉你，他一辈子都待在树上，从来没有下来过，你会怎么看待这件事情。一个完全虚构的故事，超越现实般的魔幻，以至于读到最后越来越有趣，希望找时间再读一遍！,"树上的男爵,意大利文学,伊塔洛·卡尔维诺,卡尔维诺,文学",2018-06-28 21:44:26
1394395090,敏捷革命：提升个人创造力与企业效率的全新协作模式,[美] 杰夫·萨瑟兰 / 2017 / 中信出版社,"有一种神奇的项目管理方法：
张小龙用它来开发QQ邮箱，管理微信团队；
京东、华为、中兴都在进行内部学习；
HBO的热剧《硅谷》将它搬上荧幕
通用电气利用它加速实现了“数字行业公司”的转型
Twitter利用它来开发各项新功能
它帮助美国国家公共广播电台创新节目
助力美国联邦调查局开发虚拟案件档案系统
这套方法就叫作Scrum，被誉为“管理学的诺贝尔奖”，在全球掀起了一场敏捷革命。
--------------------
1. “Scrum之父”萨瑟兰博士精华作品。
Scrum被誉为“管理学的诺贝尔奖”，在全球掀起了一场敏捷革命，微信、京东、华为、通用电气、Twitter、FBI一致采用的管理方法。本书由Scrum创始人写就，深入浅出地讲解了敏捷管理的精髓。
2. 改变未来工作的高效管理方法。
敏捷是一场关于适者生存的进化。未来工作的复杂性和创新性都会有巨大的提升，从而对于团队的定义、时间的规划、效率的测算，以及产品价值的发掘都会有颠覆性的改变。《敏捷革命》指导你如何用新型管理方式，适应未来，并且提升组织绩效，发挥个人创造力。
3.全球顶级企业实干派与管理研究者一致推崇的管理变革。
《精益创业》作者埃里克•莱斯、Twitter首席技术官亚当•梅辛格、哈佛商学院教授竹内弘高等众多大咖推荐。Twitter首席技术官直言：“我在Twitter大大小小的开发项目中都采用了Scrum。”
“关于敏捷开发我特别希望大家能够多去做一些尝试……敏捷带来一个最好的心理感受是什么呢？我们今天可以想一些与众不同的点子，然后我们可以很快就看到效果，因为我们可以很快把它上线了，然后可以去验证，如果不对就下线，如果还有改进余地，下个星期再去改它……这是一个能够持续实现你的想法的过程。”
——张小龙
----------------------------
在项目管理中，我们通常会制定好详细的计划，对每一个阶段都进行严格的评审，当前一阶段的工作完成得足够好，才进入下一步。这种流程进度缓慢，开发过程往往滞后于计划，造成预算超支。并且最终制造出的产品也可能不符合用户变化的需求，或已经跟不上技术的发展。
为了规避这些缺陷，萨瑟兰博士发明了Scrum方法。与自上而下的命令式工作流程不同，Scrum是一套具有不断进化与自我修正能力的系统，让团队像机器人一样根据外界反馈进行调整。这套系统强调团队的高度透明性及密切的协同作业，通过精简内部成员之间的信息流，提高效率，实现高水平的业绩。
Scrum不仅是科技行业开发新软件和新产品的主要方式，还能够帮助你的公司改变固有的工作方式、创新方式、规划方式以及思考方式。",https://img9.doubanio.com/view/subject/l/public/s29413786.jpg,2017-4,https://book.douban.com/subject/27008697/,8,3,坦白说，这是一本相当无聊的书，我对敏捷开发一直没什么好感，有的人关注阶段性交付，有的人关注研发进度透明，有的人关注流程上的量化……好像每个人心中都有一套敏捷的理论，可我来说，软件开发没有银弹，虽然开发的难度降低了，可业务的复杂性从来没有降低。,"管理,项目管理,敏捷,敏捷开发,方法论",2018-06-24 15:27:45
1387239365,人工智能,李开复 王咏刚 / 2017 / 文化发展出版社,"人工智能已经来了，它就在我们身边，几乎无处不在。
人工智能技术正在彻底改变人类的认知，重建人机相互协作的关系。史无前例的自动驾驶正在重构我们头脑中的出行地图和人类生活图景，今天的人工智能技术也正在翻译、写作、绘画等人文和艺术领域进行大胆的尝试。
我们真的知道什么是人工智能吗?
我们真的准备好与人工智能共同发展了吗?
我们该如何在心理上将人和机器摆在正确的位置?
我们该如何规划人工智能时代的未来生活……
当人工智能时代成为必然，《人工智能》一书告诉我们：个人应该做些什么，才能避免被AI取代？企业应该如何升级，才能在新的商业变局到来前抓住先机？
我们无需担忧和惧怕人工智能时代的到来，我们所要做的，应当是尽早认清AI与人类的关系，了解变革的规律，更好地拥抱新时代的到来。",https://img9.doubanio.com/view/subject/l/public/s29422117.jpg,2017-5-10,https://book.douban.com/subject/27015112/,7.2,4,果然，名人的书都不会是本人亲自写的，这本书当一般的科普读物是没问题的，我想都能想到，这其中会穿插开复老师的语音识别和微软中国研究院的故事，对了解整个行业的发展历程，还是非常有帮助的！,"科普,人工智能,AI,科技,李开复",2018-06-10 16:20:40
1387209591,阿米尔·汗：我行我素,[印度]克里斯蒂娜·丹尼尔斯 / 2017 / 北京联合出版公司,"50余张从未曝光的珍贵照片，15万详尽文字，完整记录阿米尔·汗从8岁到52岁了不起的人生：
从8岁第一次听制片人爸爸开会讨论剧本，阿米尔的一生就和电影产生了不可分割的缘分。从《冷暖人间》《印度往事》，到《地球上的星星》《未知死亡》，到《三傻大闹宝莱坞》《我的个神啊》《摔跤吧！爸爸》，他的荧屏形象从青年偶像，到拥有完美身材的硬汉，再到肩负起社会责任的“印度良心”，他的身份从单纯的演员，逐渐成为身兼演员、导演、制片人、编剧等多重身份的“全能影人”——30年来，阿米尔·汗唯一不变的是永远在改变。
阿米尔·汗也曾经历过低潮：电影不卖座、婚姻破裂、民众抵制、社会偏见……但是，他从来没有被打倒过，愈挫愈勇，在从影生涯的后期，每一部影片都是经典——他总是用好作品证明自己的实力和影响力。
他的每一部作品，几乎都影响印度电影业的走向和社会的变革：他改变着印度电影的流行趋势，游行的印度民众甚至模仿他在电影中的经典桥段为正义呐喊，国家的法律因为他的电影而被更改——他是“全能影人”，更是“社会良心”。",https://img9.doubanio.com/view/subject/l/public/s29467958.jpg,2017-6,https://book.douban.com/subject/27061837/,6.1,3,感觉这本传记写得相当敷衍，唯一的收获大概就是，了解了米叔拍摄过的所有电影，《地球上的星星》居然比三傻还要早，我觉得他从未衰老过好嘛……,"阿米尔汗,传记,电影",2018-06-10 15:25:21
1374903608,最好的告别,[美] 阿图·葛文德（Atul Gawande） / 2015 / 浙江人民出版社,"当独立、自助的生活不能再维持时，我们该怎么办？在生命临近终点的时刻，我们该和医生谈些什么？应该如何优雅地跨越生命的终点？对于这些问题，大多数人缺少清晰的观念，而只是把命运交由医学、技术和陌生人来掌控。影响世界的医生阿图•葛文德结合其多年的外科医生经验与流畅的文笔，讲述了一个个伤感而发人深省的故事，对在21世纪变老意味着什么进行了清醒、深入的探索。本书富有洞见、感人至深，并为我们提供了实用的路线图，告诉我们为了使生命最后的岁月有意义，我们可以做什么、应该做什么。
作者选择了常人往往不愿面对的话题——衰老与死亡，梳理了美国社会养老的方方面面和发展历程，以及医学界对末期病人的不当处置。书中不只讲述了死亡和医药的局限，也揭示了如何自主、快乐、拥有尊严地活到生命的终点。书中对“善终服务”“辅助生活”“生前预嘱”等一系列作者推崇的理念，都穿插在故事中作出了详尽的说明，相信会给老龄化日益加剧的中国社会以启迪。
众多专家、媒体推荐。创新工场CEO李开复：作为一名医生，阿图•葛文德关注的是医疗的局限以及人的尊严。作为凡人，我们都将面对人生的终点，《最好的告别》给我们重要的启示。《新知》杂志主编苗炜：希望大家有机会能看看阿图•葛文德医生的著作，他能帮助我们更好地理解医学，知道医学的局限和可能。畅销书作家马尔科姆•格拉德威尔：这是阿图•葛文德最有力，也最感人的一本书。《自然》杂志：难得读到这样一本发人深省的书。
[编辑推荐]
亚马逊年度好书、《纽约时报》畅销书。
人终有一死，如何向死而生。“全球十大思想家”、美国著名外科医生划时代之作。
奥巴马、李开复、余华、刘瑜、苗炜力荐。
湛庐文化出品。",https://img9.doubanio.com/view/subject/l/public/s28260907.jpg,2015-7-31,https://book.douban.com/subject/26576861/,9,5,传统意义上的医学，被认定是救死扶伤，换句话说，是努力去挽留一个人的生命，可当生命的终点到来之际，如何理性地跨越这条终点线，就变成一个耐人寻味的问题，患者需要被帮助以完成生命的某种仪式感，这不仅仅是指治愈一个人的身体，而是一种出于理解的幸福感，每个人都有为自己生命做出决定的自由。,"社会,医学,社会学,死亡,老龄化,养老",2018-06-03 12:57:25
1380983896,优雅地老去,渡边淳一 / 2013 / 浙江文艺出版社,渡边淳一的两性随笔和社会随笔《钝感力》《欲情课》《幸福达人》《在一起，不结婚》《优雅地老去》等在日本乃至亚洲影响甚大。本书在《白金Style》上连载时即引发热议，结集出版后更是掀起阅读热潮。渡边淳一耄耋之年提出的“熟年健康法”，倡导人们击碎对衰老的既成概念，挣脱“人生只能如此”的桎梏，不 自卑，不自负，也不羞怯，优雅地去跟人生谈恋爱。渡边一派的“活好后半生才是关键”“年老的性能优势”等全新生活理念，被读者誉为增强“爱力”、给健康加龄的良方。从现在开始，体会白金一代活法的精华，设计、享受你的晚年生活！,https://img9.doubanio.com/view/subject/l/public/s26860934.jpg,2013-7,https://book.douban.com/subject/24743328/,6.5,3,恕我直言，这是渡边先生写过的最为肤浅的一本书，虽然文字直白是不假，可有点流于表面的感觉。,"渡边淳一,日本文学,随笔,优雅地老去,老龄化",2018-05-28 22:55:11
1099245648,深入理解C#（第2版）,Jon Skeet / 2012 / 人民邮电出版社,"《深入理解C#(第2版)》是C#领域不可多得的经典著作。作者Jon Skeet在详尽地展示C#各个知识点的同时，更注重从现象中挖掘本质。本书深入探索了C#的核心概念和经典特性，并将这些特性融入到代码中，让读者能够真正领会到C#之“深入”与“精妙”。在第1版的基础上，书中新增了C# 4的新特性，如动态类型、命名实参和可选参数等，这些特性将C#语言提升到了一个新的层次。
    《深入理解C#(第2版)》适合中高级.NET开发人员阅读。",https://img9.doubanio.com/view/subject/l/public/s7656285.jpg,2012-1,https://book.douban.com/subject/7055340/,9.1,,,"C#,.NET,Programming",2018-05-28 09:51:46
1380167533,极简海洋文明史,[英] 菲利普·德·索萨 / 2016 / 中信出版社,"有趣、有料、涨姿势
权威大家给互联网一代的“大家小书”
掀起现象级极简阅读潮流的入门读物
《极简人类史》
《哈佛极简中国史》
《极简科学史》
《极简海洋文明史》
《极简历史系列》（套装全4册）
继《极简人类史》3个月销售突破10万册后
更少时间，更多见识 新知识青年必读书
极简阅读第一品牌！
套装重磅上市
师学者联手，理清人类历史的发展脉络
让我们从全新视野认识世界，看到不一样的未来
《人民日报》、俞敏洪 权威推荐
———————————————————————————————————
【内容简介】
从迦太基到大不列颠海上帝国，从郑和下西洋到麦哲伦全球航行，讲述5000年“海的文明史”，快速读懂海权格局，理解海洋如何塑造现代世界。全彩四色，60幅高清配图，《极简人类史》姐妹篇，更适合青少年阅读的极简入门读物。
《极简海洋文明史》是一部海洋视 角下的极简文明史，按照航海 、贸易、帝国、宗教、食物与健康5个主题，讲述5000年以来海洋影响文明进程、塑造现代世界的故事。
海洋在很长时间里一直被视作文明的边缘地带。近海者深信海洋中暗藏财富和荣耀，远居内陆者将海洋贬斥为“毫无意义的废物，一片水的荒漠”。
其实，海洋对人类文明历史的影响极为深远。它使人类早期的迁移与探索变为可能，给人们提供了生活所需的食物，创造了新的谋生方式。航海促进了造船、航海图、指南针等新技术的发展，编织了贸易往来、宗教传播和文化交流的网络。历史上有名的帝国，如迦太基、古罗马、古中国与奥斯曼，都曾在各自海域建立过航海网络。到了大航海时代，欧洲小国崛起为全球海洋帝国，深刻影响甚至塑造了现代世界。
海洋塑造了我们的世界，《极简海洋文明史》为我们重新认识这个世界提供了一份极简入门指南。书中分为5个主题——航海技术、贸易网络、帝国兴衰、宗教传播、疾病饮食，从地中海、印度洋、古代中国到葡萄牙、西班牙、大英帝国，从海洋民族迦太基、郑和下西洋到麦哲伦环球航行，全面讲述了一部5000年“海的文明史”。对于想要了解海洋如何重塑世界历史面貌，甚至想要在海洋视角下重新看待“一带一路”的读者来说，《极简海洋文明史》都是一个不可错过的选择。
【编辑推荐】
1、	讲述海洋视角下的文明世界，一部全新的5000年“海的文明史”
从郑和下西洋到麦哲伦全球航行，航海如何冲击当时的文明世界？
从地中海商人、阿拉伯船队到海上丝绸之路，海上贸易是怎样促进文明互动的？
从海洋民族迦太基到全球帝国大不列颠，海权格局发生过什么样的演变？
航海、贸易、帝国、宗教、疾病与物种大交换，5个极简主题，讲述5000年以来航海影响文明进程、塑造现代世界的故事。
2、	快速读懂海权格局、理解现代世界的极简入门书
200页快速读懂重塑世界历史的海洋文明，不论是在飞机上，在旅途中，还是在图书馆的走廊里，坐下来一天就能轻松读完。
3、	讲述从古印度到明清中国的亚洲海洋世界，重新看待海洋文明
早在欧洲人到来之前，印度洋就已经形成了成熟的航海网络。中国自唐宋以来，以海运为主体的南亚和东南亚贸易繁荣发展，尤其到了14世纪，中国在南海地区已经占有绝对的商业和政治地位。
《极简海洋文明史》打破了“西欧中心论”的错误观点，指出亚洲海洋世界与欧洲海洋世界一样，都是海洋文明的重要组成部分。
4、	全彩四色，60幅高清配图，青少年都爱读的极简入门书，更适合普通读者的快速进阶读物
延续极简设计风格，为青少年提供多样性开放阅读，为年轻教师提供开创性教学参考，为普通读者提供了解宏大主题的极简入门书。不论是学生、教师，还是对海洋文明、海权格局或者海上丝绸之路感兴趣的普通读者，都可以在本书找到他们想要的有用、有趣的知识。",https://img9.doubanio.com/view/subject/l/public/s29120319.jpg,2016-11,https://book.douban.com/subject/26883672/,6.5,4,读到因为航海技术发展而导致疾病流行这一节时，还是非常震撼的，瞬间想到Unnatural第一集的剧情，航海带来了宗教文化的传播，带来了罪恶的奴隶交易，带来了19世纪铁甲舰……还是蛮有趣的一本书。,"极简海洋文明史,海洋,历史,科普",2018-05-27 13:28:48
1380160958,马伯庸笑翻中国简史,马伯庸 / 2015 / 北京联合出版公司,"这是一部最精短、更生动的中国通史。“文字鬼才”马伯庸上起战国秦汉，下至晚清民国，以寥寥数笔，勾勒出中国历史的线索；打破以政治大事为纬、以帝王更替为经的写史手法，用最新颖的主题“王朝的德性”重新串联历史；穿插以马式冷幽默的犀利评点，将枯燥单调的历史真实变得新鲜有趣。
翻开《马伯庸笑翻中国简史》，战国、秦、汉、三国、隋、唐、宋、元等历史时期将轮番上阵，颠覆争霸、强盛的历史形象，展现它们不为人知的一面；新朝、前赵、前燕、冉魏、刘宋、后周等并不起眼的政权也一个不落、各具特色地接连登场，在魏晋南北朝、五胡十六国、五代十国等混乱时代演出一场场鲜活、生动的荒诞剧目。
读完本书，你将在最短的时间内，轻松架构起中国历史的轮廓；在轻松、欢乐的行文中，领悟历史背后的荒唐与无奈。",https://img9.doubanio.com/view/subject/l/public/s27963383.jpg,2015-2-1,https://book.douban.com/subject/25978734/,5.5,3,以一种不严谨的历史观来看这本书的话，这本书还是蛮有意思的哈，以五行五德来解释五千年中国史，我觉得太艰难了吧……,"马伯庸,中国历史,简史,文化,趣味历史",2018-05-27 13:15:33
1378698457,白夜行,[日] 东野圭吾 / 2008 / 南海出版公司,“只希望能手牵手在太阳下散步”，这个象征故事内核的绝望念想，有如一个美丽的幌子，随着无数凌乱、压抑、悲凉的故事片段像纪录片一样一一还原：没有痴痴相思，没有海枯石烂，只剩下一个冰冷绝望的诡计，最后一丝温情也被完全抛弃，万千读者在一曲救赎罪恶的凄苦爱情中悲切动容……,https://img9.doubanio.com/view/subject/l/public/s4610502.jpg,2008-9,https://book.douban.com/subject/3259440/,9.1,4,,"東野圭吾,东野圭吾,推理,日本,悬疑,小说,日本文学",2018-05-24 18:06:11
1378698203,岛上书店,[美] 加布瑞埃拉·泽文 / 2015 / 江苏凤凰文艺出版社,"每个人的生命中，都有最艰难的那一年，将人生变得美好而辽阔。
---------------------
A．J．费克里，人近中年，在一座与世 隔绝的小岛上，经营一家书店。
命运从未眷顾过他，爱妻去世，书店危机，就连唯一值钱的宝贝也遭窃。他的人生陷入僵局，他的内心沦为 荒 岛。
就在此时，一个神秘的包袱出现在书店中，意外地拯救了陷于孤独 绝境中的A．J．，成为了连接他和妻姐伊斯梅、 警长兰比亚斯、出版社女业务员阿米莉娅之间的纽带，为他的生活带来了转机。
没有谁是 一座孤岛，每本书都是一个世界 。
小岛上的几个生命紧紧相依，走出了人生的困境，而所有对书和生活的热爱都周而复始，愈加汹涌。
----------------------
现象级全球畅销书
美国独立书商选书第1名 美国图书馆推荐阅读第1名
席卷《出版人周刊》《纽约时报》《华盛顿邮报》《图书馆日报》各大榜单
一年之内畅销美国、英国、德国、法国、荷兰、西班牙、巴西、意大利、丹麦、芬兰、挪威、瑞典、冰岛、波兰、加拿大、土耳其、以色列、日本、韩国等25国！
----------------------
媒体及名人推荐：
1. 一封情书，致阅读的隐秘乐趣。——美国国家公共电台
2. 泽文是高明的作者，聪颖机智，她对书的热情显而易见。──《出版人周刊》
3. 有趣、温柔、动人，恰如其分，又汹涌澎湃，《岛上书店》提醒了我们，为什么阅读，为什么去爱。——《图书馆日报》
4. 像小鹿一样蹦跳而迷人的一个小故事。——《娱乐周刊》
5. 有时候轻巧风趣，有时候纯真质朴，但一直带给你相当高的阅读愉悦感。一本惹人喜爱的文学小说，讲的是独立书店的孤傲老板，卖书和寻找真爱的故事。——《柯克斯书评》
6. 泽文延续了这个年代罕见的传统──她创作了一本娱乐性很高的小说，虽是小品，但能攫取人心；尽管有趣，却不甜腻滥情。更难得的是，她对书、书店以及爱书人的未来，充满见解。──《华盛顿邮报》
7. 《岛上书店》有一点儿推理小说的成分，和一点儿爱情小说的成分，但归根结底，它的内核是一个关于爱的故事：对书本的爱，对家人的爱，对周围每个人的善意与爱。它自身就携带了爱的魔咒，这是你今年的必读之书。——《书页》
8. 在这部甜美、向书店致敬、振奋人心的小说中，泽文完美捕捉到读者与书籍配对的喜悦。耐人寻味的角色、对于书籍销售的深入理解、关于经典作品的精辟评论，还有对读书会以及营销活动的幽默描述，爱书人将难以抗拒。──《书单》
9. 这本书提醒了我们，爱与被爱的能力、付出与接受的意愿，能拯救陷于孤独绝境中的我们。一则美妙、动人的故事，关于人生的救赎与转化，它会在你胸中回荡许久许久。──《我在雨中等你》作者加思•斯坦
10. 一场轻松且澎湃的盛宴，如果你曾经想象过一个社会的宝藏──书店，它是如何运作的话，这本书非常合你胃口。──《食欲风暴》作者洁米•艾廷博格
11. 这是一本幽默、浪漫、略带悬疑的小说，而其中最重要的元素是爱──对书、对爱书人，或者应该说是对人性不完美荣光的爱。──《雪地里的女孩》作者艾欧文•艾维
12. 一部相当有力量的小说，重现了、重振了小说这种文体的力量。但这本书并没有夸张，故弄玄虚，迂腐地掉书袋，或者来点不着边际的哲学思考。《岛上书店》是写给真正热爱书本的那群人的，他们能准确地认出一个叙述得绝妙的故事，并准确感受到这个故事饱含的力量。——《多伦多国际邮报》
13. 我狼吞虎咽地读完了这本书。这是一封写给文字的情书，魅力四射，风趣非凡。它让你一直开心一直微笑，但喉头又时常哽咽。 ——《泰尼福的小屋》作者娜塔莎•所罗门
14. 你很容易就对他们心生好感，你很容易就为他们拍手叫好，费克里和他那些奇形怪状的朋友们家人们，他们温柔、温暖，脆弱，古怪，就像曾经也处于困境中的你和我。这本书能轻松成为畅销书黑马。毕竟，《岛上书店》实在魅力非凡，光芒四射。——《明尼阿波利斯市星星先驱报》
15. 一个美丽的故事，关于再一次鼓足勇气去爱，再一次得到真爱。——A.V.俱乐部
16. 这是一本不应该被错过的书。如果你喜欢书，喜欢古旧书店，喜欢美好的人类正在过着的平凡而美好的生活，你一定爱上这本《岛上书店》！事实上，我想我应该去再读一遍这个故事了！——《罗诺克时报》
17. 每个人，任何人，只要他喜欢书、喜欢书店，喜欢因阅读而认识的这个庞杂博大世界，那他就会不可自拔爱上这本书。——《维齐塔鹰报》
18. 在夏天阅读这本甜美又纯洁的书，重温爱和失去，重温友情的力量，重温世间所有书。即使身在盛夏，也仿佛是在微风徐徐的某个春日，那天阳光灿烂却温和，惠泽大地万物。你不想这天结束，你不想这场阅读结束。——《家庭圈》杂志
19. 作者控制得很完美，把故事写成了传奇，关于生命、爱、冒险和成长的传奇。——《兰辛州日报》
20. 我不够欣赏我对待《岛上书店》的态度。我痛恨泽文女士在这部古怪机智、妙语如珠的小说中展示出来的技巧和大师风范。我讨厌这部小说，它竟然如此好读，如此引人入胜。我深深憎恶这部小说要命的见鬼的魅力，我还憎恶它的简洁精当，憎恶它的干脆利落，憎恶它的清新洗练！嗷嗷嗷！……最终评语：这次像闪电一般的快速阅读实在太太太令人享受了！我要把这本书藏在过期杂志后面不让人看到……——《图书馆日报》“给伙计们的书”博客",https://img9.doubanio.com/view/subject/l/public/s29810488.jpg,2015-5-1,https://book.douban.com/subject/26340138/,7.6,4,,"小说,美国文学,加布瑞埃拉·泽文",2018-05-24 18:05:29
1370277562,安妮聊数学,2017 / 中国人民大学出版社,"英国*受追捧的安万特科学图书奖入围者、剑桥学霸为你带来*意想不到的另类数学解读，让你在捧腹之余，领略烧脑又迷人的数学之美。
数学，无处不在。它是一种语言，不仅能够帮助我们研究数字、图形以及掌管宇宙运行的某些定律，为我们理解周遭事物、解构和预测某些现象提供一种方法，而且它还在贸易、商业、生物学、化学和物理等方面发挥着无可替代的作用。
数学真的那么高深莫测吗？困扰我们的数学问题真的那么复杂吗？
?数学是我们创造出来的，还是我们发现的？
?“米”这个计量单位有那么好吗？
?无穷究竟有多大？
?我们为什么会被统计数据“绑架”？",https://img9.doubanio.com/view/subject/l/public/s29518436.jpg,2017-6,https://book.douban.com/subject/27081757/,,4,一本读起来并不会感到枯燥的科普类书籍,"数学,科普,计算,历史",2018-05-24 14:27:49
1373329639,高兴死了！！！,[美] 珍妮·罗森 / 2018 / 江苏凤凰文艺出版社,"我正在人生低谷，我现在高兴死了！
✦
《高兴死了!!!》作者珍妮•罗森，全世界最快乐的抑郁症患者，同时患有焦虑症、躁狂症、回避型人格障碍等十几种障碍症，还患有类风湿性关节炎，在自身免疫方面也有一些问题。
书中，珍妮为了夺回生活主动权，决定——
我疯狂收集每一个快乐的瞬间，
用它们回击每一个糟糕的日子。
·
《高兴死了!!!》在美国鼓励了数百万人。处 于人生低谷时，记得提醒自己：我们每赢得一场战斗，就会变得更强壮一点。我们的挣扎不会白费，我们会胜利，我们会活着。
——————————
我提醒自己：一旦我有力气起床，我会让自己疯狂地高兴起来，不仅为了拯救我的人生，更为了构筑我的人生。
·
致所有在黑暗中行走的人和
那些在阳光下行走却把一只手伸进黑暗里
陪我们一起前行的人：
更光明的日子正要到来。
更清晰的未来正要出现。
而你也会在那里。
——————————
一位抑郁症患者，用快乐席卷美国年度榜单！
★美国亚马逊年度图书
★美国巴诺书店年度图书
★美国有声书协会年度图书
★盘踞《纽约时报》畅销书近半年
★美国Goodreads年度幽默作品得主感人新作
★席卷《纽约时报》《华尔街日报》《今日美国》《出版人周刊》《图书馆周刊》畅销榜
★风行美国、英国、德国、法国、意大利、西班牙、葡萄牙、俄罗斯等欧美多国
——————————
✦媒体评价✦
这本书给予人们希望。这位屡次从黑暗中走出来的人，极有洞见地向我们诉说，黑暗如何让她更珍惜每一个光明的日子。——《出版人周刊》
·
珍妮将人生视为奇妙的、荒唐的、有趣的冒险，她抓住每一个闪烁着奇异光芒的时刻，并让那些光芒照进黑暗的日子，她很勇敢。——美国独立书商选书
·
读到某一段的时候，我笑着笑着就哭了，珍妮是如此真诚、大胆又幽默地讲述自己的挣扎。——《科克斯书评》
·
这本书玩世不恭又非常真诚，令人狂喜也感人肺腑，充满洞见与本质的看法。推荐给所有的公共图书馆。——美国图书馆协会
·
珍妮的故事会让你爆笑，但其实你知道你不应该笑得那么放肆，不然可能会一路笑去地狱，所以，或许你不应该读这本书。你得为自己的人身安全想想，这样会比较明智。——尼尔•盖曼，《美国众神》作者
·
尽管她经历过很多黑暗的时光，珍妮看上去比普通人有趣多了。我觉得珍妮给了我们希望——我们一样可以生活在笑声中，惊喜中，愉悦中，尽管困难重重。——美国读者评论
·
嘿，珍妮，我为你的书准备了广告语：这本书让我在餐厅里大笑，让我在飞机上大哭。让我觉得我没有在拖人类的后腿。让我变得超级超级超级开心。——美国读者评论
·
珍妮·罗森是世界上的真善美。——美国读者评论",https://img9.doubanio.com/view/subject/l/public/s29717612.jpg,2018-4,https://book.douban.com/subject/30155726/,6.4,4,一本时而冷静时而疯癫的书，用作者的话说，写这本书和看这本书的人都有神经病。,"抑郁症,心理,文学,小说",2018-05-24 14:27:31
1370277903,Selenium 2自动化测试实战,虫师 / 2016 / 电子工业出版社,"《Selenium 2自动化测试实战——基于Python语言》共分 14 章。第 1 章是自动化测试相关基础知识的介绍；第 2 章到第 10 章是《Selenium 2自动化测试实战——基于Python语言》的重点，循 序渐进地介绍了自动化测试所用到的技术；第 11 章通过一个具体的项目综合运用了前面章节所介绍 的技术与技巧；第 12 章到第 14 章选取了当前最热门的技术进行了介绍，旨在扩展测试人员的综合技 术能力。 《Selenium 2自动化测试实战——基于Python语言》的写作目的并不是为了简单地告诉读者如何使用一个自动化测试工具，而是希望读者在学习
《Selenium 2自动化测试实战——基于Python语言》的内容后能够提高综合的技术高度与宽度，从而摆脱简单的手工测试，向高级测试工程师的道路 迈进。",https://img9.doubanio.com/view/subject/l/public/s28704392.jpg,2016-1-1,https://book.douban.com/subject/26713240/,8.1,5,人生苦短，我用Python，而自动化自然是Selenium。,"自动化测试,python,selenium,测试,软件测试,计算机",2018-05-08 09:43:28
1370277143,大数据思维,马继华 / 2016 / 电子工业出版社,"数据分析不在于你掌握了多少先进的软件工具，也不在于你拥有多么高智商的头脑，而是要靠更大视野、更宽角度和更具有逻辑性的思维。《大数据思维——从掷骰子到纸牌屋》不是一本介绍大数据概念的流行读物，也不是开讲编程工具高深理论的专业教材，而是立足于大数据之上的思维模式的普及。读者不需要任何统计学知识，也没必要掌握复杂的公式与算法，在最通俗易懂的案例介绍和娓娓道来中就可以轻松理解大数据分析的基本模式与方法。
作为读者，你可以是大中专院校的数据分析专业学生，也可以是企事业单位的经营分析人员，或者是任何行业任何职业中喜欢“头头是道”的分析爱好者。开卷有益，即便你从来不需要大数据，也可以《大数据思维——从掷骰子到纸牌屋》书中领悟到思维魔力，因此让工作与生活更充满智慧与乐趣。",https://img9.doubanio.com/view/subject/l/public/s28977630.jpg,2016-8,https://book.douban.com/subject/26855866/,5.8,4,对数据分析讲解较为宽泛的一本书，推荐！,"大数据,科普,互联网",2018-05-08 09:41:12
1364121927,人类群星闪耀时,斯蒂芬·茨威格 / 2011 / 天津人民出版社,《人类群星闪耀时》内容简介：拜占庭的沦陷、亨德尔的重生、一个流星般的天才、玛丽恩巴德的挽歌……这10个历史瞬间神奇般地降临到10位人物的身上，他们或被命运高高举起，送入英雄的殿堂；或被命运狠狠嘲弄，抛入千秋遗恨的行列。正是这种强烈的个人意识与历史宿命的碰撞火花闪烁，这样的时刻，如星星般闪耀，照亮人类文明的天空。“历史上最好的传记作家”——斯蒂芬•茨威格，将这些历史瞬间演绎得绚烂多彩，充满了理想主义、浪漫主义和英雄主义的情绪。,https://img9.doubanio.com/view/subject/l/public/s6816611.jpg,2011-6,https://book.douban.com/subject/6538430/,8.5,4,看茨威格如何用人物传记的笔法讲述历史故事！,"茨威格,历史,人物传记",2018-05-04 09:18:15
1339377848,NLTK基础教程(用NLTK和Python库构建机器学习应用),[印度]哈登尼亚 (Nitin Hardeniya) / 2017 / 人民邮电出版社,"本书主要介绍如何通过NLTK库与一些Python库的结合从而实现复杂的NLP任务和机器学习应用。全书共分为10章。第1章对NLP进行了简单介绍。第2章、第3章和第4章主要介绍一些通用的预处理技术、专属于NLP领域的预处理技术以及命名实体识别技术等。第5章之后的内容侧重于介绍如何构建一些NLP应用，涉及文本分类、数据科学和数据处理、社交媒体挖掘和大规模文本挖掘等方面。
本书适合 NLP 和机器学习领域的爱好者、对文本处理感兴趣的读者、想要快速学习NLTK的zishenPython程序员以及机器学习领域的研究人员阅读。",https://img9.doubanio.com/view/subject/l/public/s29463656.jpg,2017-6,https://book.douban.com/subject/27057666/,6.4,5,从这本书里学到了如何使用朴素贝叶斯对文本进行分类，对我分析微博特别有帮助，整体上而言是非常好的一本书，内容非常丰富，自然语言和数据挖掘都能覆盖到，强烈推荐。,"nltk,数据分析,计算机,python",2018-04-20 01:42:21
1319935120,霍乱时期的爱情,[哥伦比亚] 加西亚·马尔克斯 / 2015 / 南海出版公司,《霍乱时期的爱情》是加西亚·马尔克斯获得诺贝尔文学奖之后完成的第一部小说。讲述了一段跨越半个多世纪的爱情史诗，穷尽了所有爱情的可能性：忠贞的、隐秘的、粗暴的、羞怯的、柏拉图式的、放荡的、转瞬即逝的、生死相依的……马尔克斯曾说：“这一部是我最 好的作品，是我发自内心的创作。”是20世纪最重要的经典文学巨著之一，被誉为“人类有史以来最伟大的爱情小说”。,https://img9.doubanio.com/view/subject/l/public/s28120604.jpg,2015-6,https://book.douban.com/subject/26374532/,8.9,5,感觉这本书颠覆了我对爱情的全部认知，可或许爱情本来就是这个样子，“人生而自由，而无往不在枷锁之中”，爱情同样遵循这个道理。,,2018-04-20 01:39:52
1354861173,浪潮之巅,吴军 / 2011 / 电子工业出版社,"近一百多年来，总有一些公司很幸运地、有意识或无意识地站在技术革命的浪尖之上。在这十几年间，它们代表着科技的浪潮，直到下一波浪潮的来临。
从一百年前算起，AT&T 公司、IBM 公司、苹果公司、英特尔公司、微软公司、思科公司、雅虎公司和Google公司都先后被幸运地推到了浪尖。虽然，它们来自不同的领域，中间有些已经衰落或正在衰落，但是它们都极度辉煌过。本书系统地介绍了这些公司成功的本质原因及科技工业一百多年的发展。
在极度商业化的今天，科技的进步和商机是分不开的。因此，本书也系统地介绍了影响到科技浪潮的风险投资公司，诸如 KPCB 和红杉资本，以及百年来为科技捧场的投资银行，例如高盛公司，等等。
在这些公司兴衰的背后，有着它必然的规律。本书不仅讲述科技工业的历史，更重在揭示它的规律性。",https://img9.doubanio.com/view/subject/l/public/s6807265.jpg,2011-8,https://book.douban.com/subject/6709783/,9,4,为什么这本书读来感觉并不像期望中的那么好呢？,"互联网,IT,商业,浪潮之巅,Google",2018-04-08 09:45:19
1354860699,计算进化史,[法] 吉尔·多维克 / 2017 / 人民邮电出版社,本书从计算的变迁这一独特视角回顾了数学、逻辑学和哲学的历史沿革，展现了计算为数学研究发展带来的全新前景，展望了这场数学革命在自然科学、信息科学与哲学领域引发的重大变革。,https://img9.doubanio.com/view/subject/l/public/s29347644.jpg,2017-2,https://book.douban.com/subject/26975991/,7.7,5,我现在忽然觉得数学是这个世界上最优雅的学科！,"数学,计算机,科普,计算机科学,数学文化",2018-04-08 09:44:00
1320516329,挪威的森林,[日] 村上春树 / 2007 / 上海译文出版社,这是一部动人心弦的、平缓舒雅的、略带感伤的恋爱小说。小说主人公渡边以第一人称展开他同两个女孩间的爱情纠葛。渡边的第一个恋人直子原是他高中要好同学木月的女友，后来木月自杀了。一年后渡边同直子不期而遇并开始交往。此时的直子已变得娴静腼腆，美丽晶莹的眸子里不时掠过一丝难以捕捉的阴翳。两人只是日复一日地在落叶飘零的东京街头漫无目标地或前或后或并肩行走不止。直子20岁生日的晚上两人发生了性关系，不料第二天直子便不知去向。几个月后直子来信说她住进一家远在深山里的精神疗养院。渡边前去探望时发现直子开始带有成熟女性的丰腴与娇美。晚间两人虽同处一室，但渡边约束了自己，分手前表示永远等待直子。返校不久，由于一次偶然相遇，渡边开始与低年级的绿子交往。绿子同内向的直子截然相反，“简直就像迎着春天的晨光蹦跳到世界上来的一头小鹿”。这期间，渡边内心十分苦闷彷徨。一方面念念不忘直子缠绵的病情与柔情，一方面又难以抗拒绿子大胆的表白和迷人的活力。不久传来直子自杀的噩耗，渡边失魂魄地四处徒步旅行。最后，在直子同房病友玲子的鼓励下，开始摸索此后的人生。,https://img9.doubanio.com/view/subject/l/public/s27312538.jpg,2007-7,https://book.douban.com/subject/2159042/,8.5,5,每一个人都应该读的一本书，或许感情从来不是我们想象的那样！,"村上春树,日本文学,挪威的森林",2018-03-22 09:11:37
1339376731,迷人的温度,[美] 吉诺•塞格雷 / 2017 / 上海译文出版社,"大多数人每天醒来时都会考虑几个问题：今天要去哪里？现在是什么时候？外面有多冷？
有意无意间，对长度、时间和温度的衡量确定了生活的节律。这三个度量中，我对最微妙的那个温度最着迷。
过去几千年里，人类对长度和时间的日常理解并没有太大变化，尺子和钟表也很早就问世了。温度就不同。虽然人人知道就连一个婴儿都能分辨冷热，但是我们学会度量温度却只有几百年。
比如，我们知道太阳的中心温度，对地球的中心温度却不甚明了。
比如，无论生活在北极圈还是撒哈拉，为什么人类的体温保持不变？为什么它始终是华氏98.6度（摄氏37度）？为什么大多数哺乳动物和鸟类都有着大致相同的体温？又比如，我们感染时会发烧，为什么会演化出这样的功能？

温度，不只是数字。
在动笔之初，我就知道自己要在这本书里探讨一系列重大问题。过去的一百年，科学家曾着力研究这些问题，但它们中的许多至今仍没有解答。而将它们串在一起的，正是温度。",https://img9.doubanio.com/view/subject/l/public/s29422025.jpg,2017-4,https://book.douban.com/subject/27016304/,8.4,4,一本非常有趣的书，读起来并不枯燥，我越来越认同，数学对人类社会的重要性。,"科普,物理,科学史,科技",2018-03-20 17:40:02
1311552049,我是猫,[日]夏目漱石 / 2015 / 浙江文艺出版社,"《我是猫》是日本“国民大师”夏目漱石的代表成名作，对日本文学有着极深远的影响。
《我是猫》的写作角度很新颖，从一只猫的视角来观察身边的人和事。这只猫生活在一个教师家中，见识了形形色色各种文人：没心没肺无厘头，唯恐天下不乱的迷亭；古板又一丝不苟，有点不知变通的寒月；理想主义，空有理论不实践的独仙……当然还有猫咪的主人，迂腐没耐心，做事三分钟热度，自命清高的苦沙弥。在猫的眼里，这些人聚在一起成天讨论些没意义的事情，不满现实，也就只会抱怨，像苦沙弥，被私塾的学生恶作剧整得苦不堪言，被邻居嘲笑，却都无可奈何。同时，猫咪也见识到了与苦沙弥不同阶级的另外一些人：一心想把女儿嫁出去，势利眼的“大鼻子”，资本家金田的老婆；跟老婆一个鼻孔出气，知道苦沙弥挖苦阻挠女儿的婚事后还派人陷害的资本家金田；还有一群穷苦出生，为金钱所动，帮助金田家嘲笑陷害苦沙弥的邻居……这些人在猫咪看来也是丑恶不堪的。
整部小说可以总结为五个字“猫眼看世界”，小说中大大小小十几号人物在夏目漱石笔下都是性格鲜明，小说构思奇巧 ，描写夸张，结构灵活，具有鲜明的艺术特色。
日本“国民大师”夏目漱石成名处女作，对鲁迅影响力极大的小说
“人类不可能永远繁荣昌盛下去。嗯，我愿静候属于猫族时代的到来。”——这只猫如是说道
人类一思考，猫君就发笑。夏目漱石笔下这只“还没有名字”的猫应该是史上最毒舌，最会“吐槽”的猫
果麦新经典版的《我是猫》译文轻松幽默，笔触活泼。译者更是从全新的角度解读，让现在的读者，特别是年轻人们能了解，也许这位曾被印在日币千元大钞上的“欧吉桑”只是想给大家写写你们都很熟悉都喜欢的那只猫",https://img9.doubanio.com/view/subject/l/public/s28124077.jpg,2015-6,https://book.douban.com/subject/26410730/,7.8,5,如果以猫的视角来看人的世界，我们会是什么样子的呢,"夏目漱石,日本文学,猫,小说",2018-02-22 16:19:22
1311577693,人间失格,太宰治 / 2010.1 / 万卷出版公司,"《人间失格》是由太宰治在1948年所写，被认为是作者太宰治的最优秀代表作品之一。取材于作者自己的生活经历，写一个性情乖僻的青年知识分子，饱尝世态的炎凉，绝望之余沉缅于酒色，最后自己毁灭了自己。从一定角度揭示了现代日本社会人的异化问题。1948年6月13日太宰治因对人生感到绝望而投水自杀。《人间失格》在纤细的自传体中流露出极致的颓废，毁灭式的绝笔之作。太宰治巧妙地将己的人生与思想，隐藏于主角叶藏的人生遭遇里，藉由叶藏的独白，窥探太宰治的內心世界。
“女人这种动物，是把晚上睡觉时和白天起来之后这两个时间段严格区分开来的，仿佛完全不知道其关联一样，干脆利落地将它斩断。
对于女人能如此完美地划分出两个世界而活着——这种不可思议的现象——我始终无法好好领会。
懦夫，连幸福都害怕，碰到棉花也会受伤。”",https://img9.doubanio.com/view/subject/l/public/s4154403.jpg,2010.1,https://book.douban.com/subject/4259314/,8.3,4,这部书是致郁系的，心理承受能力差的人，慎入啊,"太宰治,日本文学,人间失格,心理,文学",2018-01-23 17:16:27
1311573737,白夜行,[日] 东野圭吾 / 2013 / 南海出版公司,"东野圭吾万千书迷心中的无冕之王
周刊文春推理小说年度BEST10第1名
本格推理小说年度BEST10第2名
《白夜行》是东野圭吾迄今口碑最好的长篇杰作，具备经典名著的一切要素：
一宗离奇命案牵出跨度近20年步步惊心的故事：悲凉的爱情、吊诡的命运、令人发指的犯罪、复杂人性的对决与救赎……
-------------------------------------------------------------------
1973年，大阪的一栋废弃建筑中发现一名遭利器刺死的男子。案件扑朔迷离，悬而未决。
此后20年间，案件滋生出的恶逐渐萌芽生长，绽放出恶之花。案件相关者的人生逐渐被越来越重的阴影笼罩……
“我的天空里没有太阳，总是黑夜，但并不暗，因为有东西代替了太阳。虽然没有太阳那么明亮，但对我来说已经足够。
凭借着这份光，我便能把黑夜当成白天。
我从来就没有太阳，所以不怕失去。”
“只希望能手牵手在太阳下散步”，这句象征本书故事内核的绝望念想，有如一个美丽的幌子，随着无数凌乱、压抑、悲凉的事件片段如纪录片一样一一还原，最后一丝温情也被完全抛弃，万千读者在一曲救赎罪恶的爱情之中悲切动容。",https://img9.doubanio.com/view/subject/l/public/s24514468.jpg,2013-1-1,https://book.douban.com/subject/10554308/,9.2,3,看着看着就不知道故事讲到哪里了，剧情太庞大太复杂啦,"东野圭吾,悬疑推理,日系推理",2018-01-23 17:08:27
1311573291,容疑者Xの献身,東野圭吾 / 2005 / 文藝春秋,"数学だけが生きがいだった男の純愛ミステリ
天才数学者でありながらさえない高校教師に甘んじる石神は愛した女を守るため完全犯罪を目論む。湯川は果たして真実に迫れるか",https://img9.doubanio.com/view/subject/l/public/s3325641.jpg,2005-08-25,https://book.douban.com/subject/1948818/,9,5,我喜欢这种短小精悍的故事，喜欢这种悬疑被一层层剥开的感觉。,"東野圭吾,推理,日本,推理小說",2018-01-23 17:07:35
1311561189,追风筝的人,[美] 卡勒德·胡赛尼 / 2006 / 上海人民出版社,"12岁的阿富汗富家少爷阿米尔与仆人哈桑情同手足。然而，在一场风筝比赛后，发生了一件悲惨不堪的事，阿米尔为自己的懦弱感到自责和痛苦，逼走了哈桑，不久，自己也跟随父亲逃往美国。
成年后的阿米尔始终无法原谅自己当年对哈桑的背叛。为了赎罪，阿米尔再度踏上暌违二十多年的故乡，希望能为不幸的好友尽最后一点心力，却发现一个惊天谎言，儿时的噩梦再度重演，阿米尔该如何抉择？
故事如此残忍而又美丽，作者以温暖细腻的笔法勾勒人性的本质与救赎，读来令人荡气回肠。",https://img9.doubanio.com/view/subject/l/public/s1727290.jpg,2006-5,https://book.douban.com/subject/1770782/,8.9,4,读完感觉非常沉重，不知道该说些什么好,"追风筝的人,阿富汗,文学,人性",2018-01-23 16:42:52
1311560371,月亮与六便士,[英] 威廉·萨默塞特·毛姆 / 2016 / 陕西师范大学出版社,"一位四十岁才学习绘画的证券经纪人，放弃优裕的生活，疯狂迷恋上了绘画。为了追求艺术理想，他饱尝贫穷与饥饿的煎熬，忍受精神上的痛苦折磨，最终遁迹与世隔绝的塔西提岛，成为一个自成一格的画家。《月亮与六便士》的主人公一生活动的轨迹仿佛就是在解构小说原型高更的画作主题：我们从何处来？我们是谁？我们向何处去？
毛姆用幽默的文字、动人的情节、深刻的思想编织了一位艺术家的传奇人生，探索了艺术与生活的矛盾与相互作用。这部堪称完美的小说成为了经典中的经典，让一代又一代读者将之奉为必读佳作。",https://img9.doubanio.com/view/subject/l/public/s28382157.jpg,2016-1,https://book.douban.com/subject/26707463/,8.9,,Kindle上这本书买重了，找时间再读一遍，不管别人怎么想，希望你可以一直勇敢下去。,"毛姆,经典小说,外国文学",2018-01-23 16:41:12
1311559151,质数的孤独,[意] 保罗·乔尔达诺 / 2011 / 上海译文出版社,"《质数的孤独》是意大利八〇后作家、粒子物理学博士保罗·乔尔达诺的处女作，2008年出版后，即获得意大利最高文学奖斯特雷加奖，并迅速成为欧美超级畅销书，迄今在欧洲销量已超过500万册。同名电影于今年9月在威尼斯电影节首映。
马蒂亚是一个年轻的数学天才，他相信自己是质数中的一个，而中学同学爱丽丝正是他的孪生质数。他们都有痛苦的过往，同样孤独，同样无法拉近和其他人之间的距离。从少年到成年，他们的生命不断交叉，努力消除存在于彼此间障碍，相互影响又彼此分离，就像孪生质数，彼此相近却永远无法靠近。",https://img9.doubanio.com/view/subject/l/public/s4642526.jpg,2011-3,https://book.douban.com/subject/5958726/,8,4,2017是一个素数，可我过得并不算孤独，今年呢？,"意大利,小说,质数的孤独,外国文学",2018-01-23 16:38:33
1311558073,基于MVC的JavaScript Web富应用开发,麦卡劳(Alex MacCaw) / 2012 / 电子工业出版社,"《JavaScript Web 富应用开发》Developing JavaScript Web Applications是 Alex MacCaw 的新作（由O'Reilly出版发行），本书系统而深入的讲解了如何使用最前沿的Web技术构建下一代互联网富应用程序。作者 Alex MacCaw 是一名Ruby/JavaScript 程序员，在开源社区中很有名望，是Spine框架的作者，同时活跃在纽约、旧金山和柏林的各大 Ruby/Rails 论坛。除了作为一名工程师，他还喜欢带着他的尼康D90和冲浪板环游世界。
有赖于强大的JavaScript引擎以及CSS3和HTML5新技术，如今的JavaScript Web 富应用的用户体验已经可以和桌面系统相媲美。关键是如何平滑的将服务器端的复杂度移植到客户端，这并不容易做到。这本书将专注于讲述如何构建“优雅又不失高水准”（state of the art）的JavaScript应用，包括软件架构、模板引擎、框架和库、同服务器的消息通信等内容。
通过由浅入深的讲解，你将学会如何构建具有丰富交互以及优雅体验的JavaScript应用，书中同样提供了大量的示例代码，可以帮助你更深入的理解很多重要的概念。
揭开MVC的神秘面纱，教你如何设计合理的架构以及处理应用内部模块之间的依赖
介绍模板引擎和数据绑定
讲解远程数据加载、第二代Ajax以及跨域请求
利用WebSockets和Node构建实时应用
拖拽上传文件以及上传进度提示
讲解主流的库和框架，包括jQuery、JavaScriptMVC以及Backbone
编写测试用例，并使用控制台工具来调试你的应用
部署应用的最佳实践，比如缓存机制和代码压缩等",https://img9.doubanio.com/view/subject/l/public/s27269298.jpg,2012-5,https://book.douban.com/subject/10733304/,8.2,4,这是一本讲述前端开发进化史的书，我们一路走来抛弃了什么，又收获了什么,"JavaScript,Web前端开发,O'Reilly",2018-01-23 16:36:26
1311556408,SPA设计与架构：理解单页面Web应用,【美】Emmit A. Scott / 2016 / 电子工业出版社,"SPA 开发技术的运用是当今Web 开发领域的热门趋势，但真正全面掌握该技术的开发者并不多。本书详尽阐述单页面Web 应用（SPA）开发技术，从SPA 构建基础入手，通过MV*、模块化编程、路由、模块间通信、服务器端交互等概念的阐述，全面介绍SPA 的设计与架构，帮助读者正确掌握SPA 开发的各方面知识要素。同时，《SPA设计与架构：理解单页面Web应用》中还讨论了SPA 的单元测试及客户端任务自动化，覆盖了从开发到部署的一系列任务，让读者在阅读完《SPA设计与架构：理解单页面Web应用》之后能够打下扎实的SPA 开发基础。
《SPA设计与架构：理解单页面Web应用》的重点是帮助读者正确、全面地掌握SPA 开发概念，这些概念都是通用的。但为了让内容更全面、具体，《SPA设计与架构：理解单页面Web应用》将通过Knockout、Backbone.js 及AngularJS 这三种不同风格的MV* 框架来进行比较性讨论，这是本书的一大特色。同时在涉及具体MV* 框架知识点时，《SPA设计与架构：理解单页面Web应用》中会提供相应介绍。书中示例丰富具体，并提供完整源代码下载。
《SPA设计与架构：理解单页面Web应用》适合前端及对SPA 技术感兴趣的开发者阅读。读者只需掌握JavaScript、HTML 和CSS 基本知识，就可以阅读。",https://img9.doubanio.com/view/subject/l/public/s29163923.jpg,2016-11,https://book.douban.com/subject/26918474/,6.7,4,这本书可以教会你关于SPA的一切原理和知识，想找时间再读一篇,"计算机科学,SPA,前端,JavaScript",2018-01-23 16:33:15
1099239340,人类简史,[以色列] 尤瓦尔·赫拉利 / 2014 / 中信出版社,"十万年前，地球上至少有六种不同的人
但今日，世界舞台为什么只剩下了我们自己？
从只能啃食虎狼吃剩的残骨的猿人，到跃居食物链顶端的智人，
从雪维洞穴壁上的原始人手印，到阿姆斯壮踩上月球的脚印，
从认知革命、农业革命，到科学革命、生物科技革命，
我们如何登上世界舞台成为万物之灵的？
从公元前1776年的《汉摩拉比法典》，到1776年的美国独立宣言，
从帝国主义、资本主义，到自由主义、消费主义，
从兽欲，到物欲，从兽性、人性，到神性，
我们了解自己吗？我们过得更快乐吗？
我们究竟希望自己得到什么、变成什么？
------------------------------------------------------------------------------------------------
【编辑推荐】
1、由书改变而成的人类简史课程风靡全球，成为希伯来大学最受欢迎课程 Coursera最受欢迎课程 ，mooc最受欢迎课程。学界和大众都一致认可，戴蒙德推荐。
2、一大开创性：打通文字发明前后历史的界限。
文字发明之前的年代，是生物学家、考古学家的专长；文字发明之后的年代，是历史学家、政治学家和经济学家的专长；
许多著名史家的作品，欠缺遗传学或生态学的视野，如何让这两大段历史之间没有断层，能够有一以贯之的宏观解读？
本书不同于《枪炮、病菌与钢铁》从生物与环境的角度看人类社会的发展，也不同于麦克尼尔的《世界史》以文明为单位绘制的人类文明交织的世界。 他笔下的历史，在科学中有深沉的人文关怀。
3、填补传统人类史的三大鸿沟：
历史观与哲学观之间的鸿沟（提供有史实根据的深刻哲学思考）；人类和生态系统之间的鸿沟（作者多从生态来思考，而不是只讲人类的利益）；集体和个人之间的鸿沟（检视历史事件如何影响到当时一般人的生活）。
4、四大部分描述人类大历史：
7万年前的大脑认知革命（有能力谈八卦，想象不存在的事物，让陌生人开始合作、建立组织）
1.2万年前的农业革命（让我们渴求更多、生产更多，分工分职愈趋细腻）、
500年前的科学革命（带来快速进步，让我们拥有上帝的力量，也带来毁灭）
全球大一统、人类大融合的关键因素——金钱、帝国、宗教
5、一部个人幸福探索之书。
用通俗的语言和新鲜的视角，将个体的幸福放在人类发展的过程中审视，不再错过历史中最关键、最有意思的部分。涵盖了生物学，人类学，哲学，心理学，艺术，文学，伦理学等众多领域。涉及幸福，生命的意义等众多话题，有人说这是一部个人幸福探索之书。
6、一部“瘦身版”人类简史。
如果说给我一本书，不到五百页，没有一堆令人晕头转向的年份、人名、地名、称号，就能涵盖了人类如何崛起、影响现代生活甚巨的资本主义、一神教、自由人文主义、基因工程如何兴盛的人类历史重大脉络……这是仅有的一部！
7、一部引发多国版权大战的神秘大书。
获得波兰斯基人文学科创造力与独创性奖。 100周蝉联以色列畅销书排行榜第一，在英国，9家出版商疯狂竞价。 23个国家竞相购买版权。台湾上市一周，金石堂、诚品历史类畅销书榜第一 ，诚品总榜第八，西班牙上市两周总榜第一。
------------------------------------------------------------------------------------------------
【内容简介】
《人类简史：从动物到上帝》是以色列新锐历史学家的一部重磅作品。从十万年前有生命迹象开始到21世纪资本、科技交织的人类发展史。十万年前，地球上至少有六个人种，为何今天却只剩下了我们自己？我们曾经只是非洲角落一个毫不起眼的族群，对地球上生态的影响力和萤火虫、猩猩或者水母相差无几。为何我们能登上生物链的顶端，最终成为地球的主宰？
从认知革命、农业革命到科学革命，我们真的了解自己吗？我们过得更加快乐吗？我们知道金钱和宗教从何而来，为何产生吗？人类创建的帝国为何一个个衰亡又兴起？为什么地球上几乎每一个社会都有男尊女卑的观念？为何一神教成为最为广泛接受的宗教？科学和资本主义如何成为现代社会最重要的信条？理清影响人类发展的重大脉络，挖掘人类文化、宗教、法律、国家、信贷等产生的根源。这是一部宏大的人类简史，更见微知著、以小写大，让人类重新审视自己。
------------------------------------------------------------------------------------------------
【各界评论】
《人类简史：从动物到上帝》为什么能够在国际畅销书榜上爆冲？原因很简单，它处理的是历史的大问题、现代世界的大问题，而且，它的写作风格是刻骨铭心的生动。你会爱上它！
——普利策奖得主  《枪炮、病菌与钢铁》作者戴蒙德
这是此类大历史中最好的一本：规模宏大但绝非泛泛而谈；具有时代性又不花哨，观念惊世骇俗但绝不是个简单的反对者。每个人都能在书里找到一部分和另外的人开始讨论，但是弄清楚是哪部分、为什么，对我们都有好处。
——牛津大学历史学院院长 斯蒂文·刚尼
我拿起这本《人类简史》立刻“着道”了——拿起了就放不下，几乎一口气读完。吸引力主要来自作者才思的旷达敏捷，还有译者文笔的生动晓畅，而书中屡屡提及中国的相关史实，也能让人感到一种说不出的亲切，好像自己也被融入其中，读来欲罢不能。
——北京大学历史系教授 高毅
《人类简史》的目的不是传授人类考古学的所有研究成果，而是提供一种看历史的视角，一种全局的观点。当你不再执着于科学、政治或宗教等某一个领域的发展过程，而是关注人类社会的整体演变，观察这些领域之间的相互作用，你会感到你脑海中零碎的历史知识忽然像拼图一样各就各位，构成一幅宏大的图景，这样的视角非常新鲜。
——果壳网 姬十三
读完这本书，有一种跟着人类一同走过十万年的感觉！
——读者
这本书如果要用“宏伟史诗”来形容一点也不过分，其中包含了很多学科的内容，例如考古学、生物学、物理学、经济学、宗教、社会学甚至计算机科学等等。书里里面的大部分观点都是从不同的角度进行介绍，其中很多都是经无数人严格验证过的，讲师很多时候仅仅是通过自己的表达希望尽量客观地介绍一些内容，至于每个人怎么理解并没有统一的标准了。
——读者
超级好的课程，付费都坚持下来了，观点独特，从来没想到能从这个角度理解我们人类自己。
——读者",https://img9.doubanio.com/view/subject/l/public/s27814883.jpg,2014-11,https://book.douban.com/subject/25985021/,9.1,4,为什么读起来感觉特别晦涩，没有想象中有趣呢,"历史,人类简史,人类学",2018-01-23 16:28:56
1099238960,免费,武帅  编著 / 2010 / 化学工业出版社,《免费:最好的商业模式》从免费谈起，通过国内外许多经典案例，详尽、透彻地介绍了各种免费模式，以及这些免费模式在实际运作中的操作方法。同时，《免费:最好的商业模式》紧密联系中国国情，详细分析了免费模式在中国市场的实际运作。可供企业的经营、管理人员阅读。,https://img9.doubanio.com/view/subject/l/public/s6219580.jpg,2010-9,https://book.douban.com/subject/5280062/,5.9,4,免费的就是最贵的，无数的商业模式证明了这一点,"免费,互联网,商业模式,免费经济",2018-01-23 16:28:07
1108588217,揭示宇宙奥秘的13个常数,［美］James D.Stein / 2012 / 人民邮电出版社,《揭示宇宙奥秘的13个常数》以定义宇宙的13个数字为线索，梳理了人类探寻这些数字的历史过程以及这些数字的物理学、化学或天文学意义。在叙述过程中，作者夹杂了个人经历、诗歌、音乐等元素，娓娓道来，使得《揭示宇宙奥秘的13个常数》成为一本科学与人文并重的科普读物，适合对科学感兴趣的读者。,https://img9.doubanio.com/view/subject/l/public/s11086432.jpg,2012-8,https://book.douban.com/subject/11501496/,7.5,,,"科普,数学,科普读物",2018-01-23 16:27:30
1108590976,人生的枷锁,[英] 毛姆 / 2007 / 上海译文出版社,"《人生的枷锁》是毛姆的代表作，具有明显的自传色彩。
小说主人公菲利普·凯里自幼父母双亡，不幸又先天残疾，在冷漠而陌生的环境中度过了童年，性格因此孤僻而敏感。在寄宿学校度过的岁月让他饱受了不合理的学校制度的摧残，而当他走入社会后，又在爱情上经历了伤痛。在坎坷的人生道路上，他每跨一步，都要付出艰辛的挣扎，但思想和个性都独立不羁的凯里，一直努力挣脱宗教和小市民意识这两条禁锢自己精神的桎梏，力图在混沌纷扰的生活漩流中，寻求人生的真谛。",https://img9.doubanio.com/view/subject/l/public/s3983958.jpg,2007-3,https://book.douban.com/subject/2035171/,9.1,,,"毛姆,心理学,传记,人生",2018-01-23 16:27:24
1311553099,行者无疆,余秋雨 / 2013 / 长江文艺出版社,"《行者无疆(便携本)》内容简介：15年前余秋雨开始以长途旅行方式实地考察文化。他从国内走到国外，从中华文明走到了其他文明。这期间，他以《文化苦旅》和《山河之书》作为考察中华文明的记录，以《千年一叹》作为考察伊斯兰文明的记录，以《行者无疆》作为考察西方文明的记录。
至此，余秋雨对人类历史的三大文明进行了完整的关注和记录。余秋雨在《行者无疆》中感叹道：“欧洲文明确实优秀而又成熟，能把古典传统和现代文明、个人自由和社会公德融会贯通。更羡慕街边咖啡座里微笑的目光，只一闪，便觉得目光悠长，山河无恙。但这些年，却因过度的自满、自享而自闭，对世界对自己有不少时空错觉。”
《行者无疆》分南欧、中欧、西欧、北欧4卷，收录散文80篇。《行者无疆(便携本)》在思考的完整性和深刻性、文体的张力和自由上，更胜余秋雨以前的几部著作。《行者无疆(便携本)》经过余秋雨先生大幅度修改增删，全新修订再度出版。",https://img9.doubanio.com/view/subject/l/public/s24930136.jpg,2013-2,https://book.douban.com/subject/21321802/,8.2,3,找不回读山居笔记和文化苦旅时的感觉，难道是我变了吗？,"中国文学,散文,文化,旅行,随笔",2018-01-23 16:26:45
1311551191,小王子,[法] 圣埃克苏佩里 / 2003 / 人民文学出版社,"小王子是一个超凡脱俗的仙童，他住在一颗只比他大一丁点儿的小行星上。陪伴他的是一朵他非常喜爱的小玫瑰花。但玫瑰花的虚荣心伤害了小王子对她的感情。小王子告别小行星，开始了遨游太空的旅行。他先后访问了六个行星，各种见闻使他陷入忧伤，他感到大人们荒唐可笑、太不正常。只有在其中一个点灯人的星球上，小王子才找到一个可以作为朋友的人。但点灯人的天地又十分狭小，除了点灯人他自己，不能容下第二个人。在地理学家的指点下，孤单的小王子来到人类居住的地球。
小王子发现人类缺乏想象力，只知像鹦鹉那样重复别人讲过的话。小王子这时越来越思念自己星球上的那枝小玫瑰。后来，小王子遇到一只小狐狸，小王子用耐心征服了小狐狸，与它结成了亲密的朋友。小狐狸把自己心中的秘密——肉眼看不见事务的本质，只有用心灵才能洞察一切——作为礼物，送给小王子。用这个秘密，小王子在撒哈拉大沙漠与遇险的飞行员一起找到了生命的泉水。最后，小王子在蛇的帮助下离开地球，重新回到他的B612号小行星上。
童话描写小王子没有被成人那骗人的世界所征服，而最终找到自己的理想。这理想就是连结宇宙万物的爱，而这种爱又是世间所缺少的。因此，小王子常常流露出一种伤感的情绪。作者圣埃克絮佩里在献辞中说：这本书是献给长成了大人的从前那个孩子。
《小王子》不仅赢得了儿童读者，也为成年人所喜爱，作品凝练的语言渗透了作者对人类及人类文明深邃的思索。它所表现出的讽刺与幻想，真情与哲理，使之成为法国乃至世界上最为著名的一部童话小说。",https://img9.doubanio.com/view/subject/l/public/s1103152.jpg,2003-8,https://book.douban.com/subject/1084336/,9.1,5,一本写给成人的的童话故事，温暖而忧伤，谁会是我的玫瑰呢？,"圣埃克苏佩里,小王子,童话,成长,人生",2018-01-23 16:23:06
1311549269,白鹿原,陈忠实 雷达 / 2008 / 文化艺术出版社,这是一部渭河平原50年变迁的雄奇史诗，一轴中国农村斑斓多彩，触目惊心的长幅画卷。主人公六娶六丧，神秘的序曲预示着不祥。一个家庭两代子孙，为争夺白鹿原的统治代代争斗不已，上演了一幕幕惊心动魄的话剧；巧取风水地，恶施美人计，孝子为匪，亲翁杀媳，兄弟相煎，情人反目……大革命，日寇入侵，三年内战，白鹿原翻云覆雨，王旗变幻，家仇国恨，交错缠结，冤冤相报代代不已……古老的土地在新生的阵痛中颤栗。,https://img9.doubanio.com/view/subject/l/public/s2884025.jpg,2008,https://book.douban.com/subject/2978362/,8.9,5,中国版的魔幻现实主义文学作品,"陕西,陈忠实,当代文学,中国文学",2018-01-23 16:19:16
1108174620,艾伦·图灵传,[英] 安德鲁·霍奇斯 / 2012 / 湖南科学技术出版社,本书是公认的图灵最权威传记。艾伦·图灵是现代计算机科学之父，在24岁时奠定了计算机的理论基础。二战期间，他为盟军破译密码，为结束战争做出巨大贡献。战后，他开创性地提出人工智能的概念，并做了大量的前期工作。因同性恋问题事发，被迫注射激素，后来吃毒苹果而死。他吃毒苹果的原因 至今不明，一代科学大师，是自杀、他杀还是不小心，成为20世纪的谜。,https://img9.doubanio.com/view/subject/l/public/s9074192.jpg,2012-3-31,https://book.douban.com/subject/10522003/,8.3,5,,"图灵,人物传记,计算机,计算机科学",2017-07-01 18:10:51
1099237554,一个人的朝圣,[英] 蕾秋·乔伊斯 / 2013 / 北京联合出版公司,"★2013年欧洲首席畅销小说，入围2012年布克文学奖，同名电影拍摄中
★台湾读者表示“很久没有读一本书读到凌晨”、“是一个简单、素朴但会令人深深感动的故事”、“笑泪交织的阅读”
★2013年春季英国最具影响力“理查与茱蒂”读书俱乐部书单第1  名；欧普拉读书俱乐部夏日选书、美国图书馆协会选书；2012年英国最畅销新人小说；《出版人周刊》、《纽约时报》、《泰晤士报》、《嘉人》、《今日美国》等各大媒体高评价推荐
★他以为人生就这么过去了，直到收到那封信
★1个人，87天，627英里
★有关爱的回归、自我发现、日常生活的信念以及万物之美
★这一年，我们都需要哈罗德安静而勇敢的陪伴
哈罗德·弗莱，六十岁，在酿酒厂干了四十年销售代表后默默退休，没有升迁，既无朋友，也无敌人，退休时公司甚至连欢送会都没开。他跟隔阂很深的妻子住在英国的乡间，生活平静，夫妻疏离，日复一日。
一天早晨，他收到一封信，来自二十年未见的老友奎妮。她患了癌症，写信告别。震惊、悲痛之下，哈罗德写了回信，在寄出的路上，他由奎妮想到了自己的人生，经过了一个又一个邮筒，越走越远，最后，他从英国最西南一路走到了最东北，横跨整个英格兰。87天，627英里，只凭一个信念：只要他走，老友就会活下去！
这是哈罗德千里跋涉的故事。从他脚步迈开的那一刻起，与他六百多英里旅程并行的，是他穿越时光隧道的另一场旅行。",https://img9.doubanio.com/view/subject/l/public/s26936721.jpg,2013-9-1,https://book.douban.com/subject/24934182/,8.1,,这本书我最近正在读，虽然看起来不像一本畅销书，可它会告诉你怎么样，去坚持做一件事情，人生有时候是需要认真的，即使输了又怎么样？,"一个人的朝圣,自我发现,外国文学",2016-11-06 18:34:17
1099242475,史蒂夫·乔布斯传,[美] 沃尔特·艾萨克森 / 2011 / 中信出版社,"这本乔布斯唯一授权的官方传记，在2011年上半年由美国出版商西蒙舒斯特对外发布出版消息以来，备受全球媒体和业界瞩目，这本书的全球出版日期最终确定为2011年11月21日，简体中文版也将同步上市。
两年多的时间，与乔布斯40多次的面对面倾谈，以及与乔布斯一百多个家庭成员、 朋友、竞争对手、同事的不受限的采访，造就了这本独家传记。
尽管乔布斯给予本书的采访和创作全面的配合，但他对内容从不干涉，也不要求出版前阅读全文的权利。对于任何资源和关联的人，他都不设限，甚至鼓励他所熟知的人袒露出自己的心声。
“我已经做了很多并不值得自豪的事情，比如23岁时就让我的女友怀了孕，以及我对这件事的处理方式”，他说， “对我而言，没有什么不可以对外袒露的。”
谈及和他共过事的人以及竞争对手，他直言不讳，甚至尖酸刻薄。他的激情、精力、欲望、完美主义、艺术修养、残暴还有对掌控权的迷恋塑造出的商业哲学一览无余。
同样，他的朋友、敌人，还有同事得以为我们提供了一个前所未有的毫无掩饰的视角。
他是一位极具创造力的企业家，他有如过山车般精彩的人生和犀利激越的性格，充满追求完美和誓不罢休的激情，他创造出个人电脑、动画电影、音乐、手机、平板电脑以及数字出版等6大产业的颠覆性变革。
乔布斯的个性经常让周围的人愤怒和绝望，但其所创造出的产品也与这种个性息息相关，全然不可分割的，正如苹果的硬件和软件一样。
他的故事既具有启发意义，又有警示意义，充满了关于创新、个性、领导力以及价值观的教益。",https://img9.doubanio.com/view/subject/l/public/s6974202.jpg,2011-10-24,https://book.douban.com/subject/6798611/,8.7,5,,"传记,史蒂夫·乔布斯,SteveJobs,乔布斯",2016-10-19 00:33:34
1099241977,人间词话,王国维 / 1998 / 上海古籍出版社,《人间词话》一书乃是王氏接受了西洋美学思想之洗礼后，以崭新的眼光对中国旧文学所作的评论，具有划时代的意义，向来极受学术界重视。本书并约请当今著名专家黄霖为之导读，不仅梳理其理论框架，剔抉其精义要眇，更着重揭橥其学术源流、历史文化背景，及撰作者当时特定的情境与心态，从而在帮助读者确切理解原著的同时，凸现词学大师王国维的学术个性。,https://img9.doubanio.com/view/subject/l/public/s1146614.jpg,1998-12,https://book.douban.com/subject/1203426/,9,5,,"王国维,人间词话,诗词,国学",2016-10-19 00:31:57
1099241678,爱的艺术,[美] 艾·弗洛姆 / 2008 / 上海译文出版社,"《爱的艺术》是德裔美籍心理学家和哲学家、法兰克福学派重要成员艾里希-弗洛姆最著名的作品，自1956年出版至今已被翻译成32种文字，在全世界畅销不衰，被誉为当代爱的艺术理论专著最著名的作品。
在这本书中，弗洛姆认为，爱情不是一种与人的成熟程度无关，只需要投入身心的感情。如果不努力发展自己的全部人格并以此达到一种创造倾向性，那么每种爱的试图都会失败，如果没有爱他人的能力，如果不能真正谦恭地、勇敢地、真诚地和有纪律地爱他人，那么人们在自己的爱情生活中也永远得不到满足。
弗洛姆进而提出，爱是一门艺术，要求想要掌握这门艺术的人有这方面的知识并付出努力。在这里，爱不仅仅是狭隘的男女爱情，也并非通过磨练增进技巧即可获得。爱是人格整体的展现，要发展爱的能力，就需要努力发展自己的人格，并朝着有益的目标迈进。
此版特别收录弗洛姆学术助手纪念文章《弗洛姆生命中的爱》。",https://img9.doubanio.com/view/subject/l/public/s2990934.jpg,2008-4,https://book.douban.com/subject/3026879/,8.8,,,"心理学,弗洛姆,爱的艺术,哲学",2016-10-19 00:30:58
1099241580,从你的全世界路过,张嘉佳 / 2013 / 湖南文艺出版社,"《从你的全世界路过》是微博上最会写故事的人张嘉佳献给你的心动故事。
最初以“睡前故事”系列的名义在网上疯狂流传，几天内达到1,500,000 次转发，超4亿次阅读，引来电影投资方的巨资抢购，转瞬便签下其中5个故事的电影版权。每1分钟，都有人在张嘉佳的故事里看到自己。
读过睡前故事的人会知道，这是一本纷杂凌乱的书。像朋友在深夜跟你在叙述，叙述他走过的千山万水。那么多篇章，有温暖的，有明亮的，有落单的，有疯狂的，有无聊的，有胡说八道的。当你辗转失眠时，当你需要安慰时，当你等待列车时，当你赖床慵懒时，当你饭后困顿时，应该都能找到一章合适的。
我希望写一本书，你可以留在枕边、放进书架，或者送给最重要的那个人。
从你的全世界路过，随便打开一篇就可以了。
——张嘉佳",https://img9.doubanio.com/view/subject/l/public/s27102925.jpg,2013-11-1,https://book.douban.com/subject/25747921/,6.9,,,"治愈,张嘉佳,青春",2016-10-19 00:30:42
1099240204,黑客与画家,[美] Paul Graham / 2011 / 人民邮电出版社,"本书是硅谷创业之父Paul Graham 的文集，主要介绍黑客即优秀程序员的爱好和动机，讨论黑客成长、黑客对世界的贡献以及编程语言和黑客工作方法等所有对计算机时代感兴趣的人的一些话题。书中的内容不但有助于了解计算机编程的本质、互联网行业的规则，还会帮助读者了解我们这个时代，迫使读者独立思考。
本书适合所有程序员和互联网创业者，也适合一切对计算机行业感兴趣的读者。",https://img9.doubanio.com/view/subject/l/public/s4669554.jpg,2011-4,https://book.douban.com/subject/6021440/,8.7,,,"Hacker,编程艺术,计算机科学",2016-10-19 00:26:11